,County,Date,Monthly Cases,Longitude,Latitude
0,Adams,2020-03,13.0,-79.76286561,41.40341259
1,Adams,2020-04,130.0,-76.22332385,40.70751243
2,Adams,2020-05,113.0,-76.77960568,40.41974636
3,Adams,2020-06,93.0,-76.77960568,40.41974636
4,Adams,2020-07,132.0,-76.77960568,40.41974636
5,Adams,2020-08,183.0,-79.76286561,41.40341259
6,Adams,2020-09,211.0,-76.22332385,40.70751243
7,Adams,2020-10,334.0,-79.76286561,41.40341259
8,Adams,2020-11,866.0,-79.76286561,41.40341259
9,Adams,2020-12,2634.0,-77.25907385,40.40415317
10,Adams,2021-01,1937.0,-79.76286561,41.40341259
11,Adams,2021-02,705.0,-79.76286561,41.40341259
12,Adams,2021-03,821.0,-77.25907385,40.40415317
13,Adams,2021-04,985.0,-77.25907385,40.40415317
14,Adams,2021-05,418.0,-75.34083603,41.06091787
15,Adams,2021-06,108.0,-79.65189635,39.91944779999999
16,Adams,2021-07,138.0,-79.76286561,41.40341259
17,Allegheny,2020-03,361.0,-76.22332385,40.70751243
18,Allegheny,2020-04,972.0,-75.34083603,41.06091787
19,Allegheny,2020-05,596.0,-77.25907385,40.40415317
20,Allegheny,2020-06,968.0,-77.72398845,39.92786197
21,Allegheny,2020-07,5308.0,-76.77960568,40.41974636
22,Allegheny,2020-08,2178.0,-78.49116474,40.00737536
23,Allegheny,2020-09,2080.0,-75.34083603,41.06091787
24,Allegheny,2020-10,3445.0,-78.49116474,40.00737536
25,Allegheny,2020-11,13188.0,-78.49116474,40.00737536
26,Allegheny,2020-12,25455.0,-77.62003089,40.61274928
27,Allegheny,2021-01,14906.0,-79.76286561,41.40341259
28,Allegheny,2021-02,7266.0,-79.76286561,41.40341259
29,Allegheny,2021-03,9198.0,-79.76286561,41.40341259
30,Allegheny,2021-04,11530.0,-77.62003089,40.61274928
31,Allegheny,2021-05,3865.0,-77.25907385,40.40415317
32,Allegheny,2021-06,591.0,-77.25907385,40.40415317
33,Allegheny,2021-07,1026.0,-76.77960568,40.41974636
34,Armstrong,2020-03,5.0,-75.16775600000001,39.346129
35,Armstrong,2020-04,47.0,-76.72576052,39.92192531
36,Armstrong,2020-05,11.0,-77.22224271,39.87209565
37,Armstrong,2020-06,15.0,-79.98619843,40.46735543
38,Armstrong,2020-07,110.0,-75.75626498,39.97487056
39,Armstrong,2020-08,135.0,-75.80250303,41.8205686
40,Armstrong,2020-09,139.0,-75.71107039,40.91936701
41,Armstrong,2020-10,338.0,-79.76286561,41.40341259
42,Armstrong,2020-11,1108.0,-76.77960568,40.41974636
43,Armstrong,2020-12,1663.0,-75.34083603,41.06091787
44,Armstrong,2021-01,1084.0,-76.22332385,40.70751243
45,Armstrong,2021-02,251.0,-79.76286561,41.40341259
46,Armstrong,2021-03,294.0,-76.51825624,41.79117814
47,Armstrong,2021-04,552.0,-76.77960568,40.41974636
48,Armstrong,2021-05,231.0,-77.25907385,40.40415317
49,Armstrong,2021-06,31.0,-76.77960568,40.41974636
50,Armstrong,2021-07,33.0,-78.49116474,40.00737536
51,Beaver,2020-03,60.0,-76.77960568,40.41974636
52,Beaver,2020-04,370.0,-77.25907385,40.40415317
53,Beaver,2020-05,161.0,-76.22332385,40.70751243
54,Beaver,2020-06,92.0,-75.34083603,41.06091787
55,Beaver,2020-07,546.0,-76.22332385,40.70751243
56,Beaver,2020-08,399.0,-75.34083603,41.06091787
57,Beaver,2020-09,318.0,-77.25907385,40.40415317
58,Beaver,2020-10,400.0,-79.76286561,41.40341259
59,Beaver,2020-11,1778.0,-77.62003089,40.61274928
60,Beaver,2020-12,4393.0,-76.77960568,40.41974636
61,Beaver,2021-01,2495.0,-76.22332385,40.70751243
62,Beaver,2021-02,1239.0,-77.25907385,40.40415317
63,Beaver,2021-03,986.0,-75.34083603,41.06091787
64,Beaver,2021-04,1504.0,-77.25907385,40.40415317
65,Beaver,2021-05,681.0,-76.77960568,40.41974636
66,Beaver,2021-06,130.0,-76.22332385,40.70751243
67,Beaver,2021-07,163.0,-78.49116474,40.00737536
68,Bedford,2020-03,3.0,-75.34083603,41.06091787
69,Bedford,2020-04,21.0,-76.77960568,40.41974636
70,Bedford,2020-05,19.0,-79.76286561,41.40341259
71,Bedford,2020-06,46.0,-76.77960568,40.41974636
72,Bedford,2020-07,42.0,-79.76286561,41.40341259
73,Bedford,2020-08,43.0,-79.76286561,41.40341259
74,Bedford,2020-09,82.0,-79.76286561,41.40341259
75,Bedford,2020-10,208.0,-77.25907385,40.40415317
76,Bedford,2020-11,1144.0,-76.77960568,40.41974636
77,Bedford,2020-12,1369.0,-78.47558343,41.000429
78,Bedford,2021-01,667.0,-75.71107039,40.91936701
79,Bedford,2021-02,165.0,-76.22332385,40.70751243
80,Bedford,2021-03,151.0,-77.62003089,40.61274928
81,Bedford,2021-04,398.0,-77.62003089,40.61274928
82,Bedford,2021-05,286.0,-76.22332385,40.70751243
83,Bedford,2021-06,83.0,-77.25907385,40.40415317
84,Bedford,2021-07,25.0,-77.25907385,40.40415317
85,Berks,2020-03,156.0,-79.76286561,41.40341259
86,Berks,2020-04,2606.0,-79.76286561,41.40341259
87,Berks,2020-05,1309.0,-79.76286561,41.40341259
88,Berks,2020-06,481.0,-77.25907385,40.40415317
89,Berks,2020-07,618.0,-79.76286561,41.40341259
90,Berks,2020-08,927.0,-77.62003089,40.61274928
91,Berks,2020-09,1120.0,-76.22332385,40.70751243
92,Berks,2020-10,2442.0,-76.22332385,40.70751243
93,Berks,2020-11,4388.0,-77.6428376,41.23286274
94,Berks,2020-12,9705.0,-79.76286561,41.40341259
95,Berks,2021-01,8919.0,-77.98276609999999,40.416105
96,Berks,2021-02,2977.0,-79.76286561,41.40341259
97,Berks,2021-03,4365.0,-76.77960568,40.41974636
98,Berks,2021-04,5704.0,-79.76286561,41.40341259
99,Berks,2021-05,2265.0,-77.62003089,40.61274928
100,Berks,2021-06,474.0,-79.76286561,41.40341259
101,Berks,2021-07,338.0,-78.11485045,39.92487511
102,Blair,2020-03,4.0,-77.25907385,40.40415317
103,Blair,2020-04,19.0,-77.25907385,40.40415317
104,Blair,2020-05,31.0,-77.25907385,40.40415317
105,Blair,2020-06,27.0,-76.22332385,40.70751243
106,Blair,2020-07,138.0,-77.25907385,40.40415317
107,Blair,2020-08,252.0,-75.34083603,41.06091787
108,Blair,2020-09,279.0,-79.23780995,41.51357876
109,Blair,2020-10,738.0,-76.5147922,41.448099400000004
110,Blair,2020-11,2980.0,-78.49116474,40.00737536
111,Blair,2020-12,3579.0,-79.76286561,41.40341259
112,Blair,2021-01,2021.0,-76.22332385,40.70751243
113,Blair,2021-02,643.0,-79.76286561,41.40341259
114,Blair,2021-03,544.0,-78.49116474,40.00737536
115,Blair,2021-04,1361.0,-77.25907385,40.40415317
116,Blair,2021-05,832.0,-77.25907385,40.40415317
117,Blair,2021-06,72.0,-77.25788076,41.77333834
118,Blair,2021-07,45.0,-79.76286561,41.40341259
119,Bradford,2020-03,8.0,-79.76286561,41.40341259
120,Bradford,2020-04,27.0,-77.07255968,40.77113737
121,Bradford,2020-05,16.0,-76.22332385,40.70751243
122,Bradford,2020-06,18.0,-78.47558343,41.000429
123,Bradford,2020-07,32.0,-79.76286561,41.40341259
124,Bradford,2020-08,21.0,-79.76286561,41.40341259
125,Bradford,2020-09,93.0,-79.76286561,41.40341259
126,Bradford,2020-10,733.0,-77.25907385,40.40415317
127,Bradford,2020-11,1112.0,-79.23780995,41.51357876
128,Bradford,2020-12,1149.0,-79.76286561,41.40341259
129,Bradford,2021-01,860.0,-75.34083603,41.06091787
130,Bradford,2021-02,361.0,-76.22332385,40.70751243
131,Bradford,2021-03,420.0,-76.22332385,40.70751243
132,Bradford,2021-04,826.0,-79.76286561,41.40341259
133,Bradford,2021-05,382.0,-79.76286561,41.40341259
134,Bradford,2021-06,72.0,-79.76286561,41.40341259
135,Bradford,2021-07,30.0,-77.405775,40.53433008
136,Bucks,2020-03,324.0,-77.25907385,40.40415317
137,Bucks,2020-04,2782.0,-78.71894174,40.49127491
138,Bucks,2020-05,2009.0,-76.22332385,40.70751243
139,Bucks,2020-06,664.0,-77.25907385,40.40415317
140,Bucks,2020-07,1156.0,-78.49116474,40.00737536
141,Bucks,2020-08,846.0,-77.98276609999999,40.416105
142,Bucks,2020-09,1083.0,-77.6428376,41.23286274
143,Bucks,2020-10,1551.0,-79.98619843,40.46735543
144,Bucks,2020-11,7418.0,-75.80250303,41.8205686
145,Bucks,2020-12,12947.0,-77.25907385,40.40415317
146,Bucks,2021-01,9338.0,-77.62003089,40.61274928
147,Bucks,2021-02,4773.0,-75.34083603,41.06091787
148,Bucks,2021-03,6128.0,-76.77960568,40.41974636
149,Bucks,2021-04,7391.0,-79.47316899,40.81509526
150,Bucks,2021-05,2093.0,-77.25907385,40.40415317
151,Bucks,2021-06,309.0,-79.27858158,41.81675237
152,Bucks,2021-07,645.0,-77.62003089,40.61274928
153,Butler,2020-03,65.0,-76.77960568,40.41974636
154,Butler,2020-04,118.0,-78.64947713,41.42819416
155,Butler,2020-05,50.0,-76.22332385,40.70751243
156,Butler,2020-06,82.0,-76.77960568,40.41974636
157,Butler,2020-07,295.0,-79.76286561,41.40341259
158,Butler,2020-08,196.0,-79.27858158,41.81675237
159,Butler,2020-09,295.0,-76.22332385,40.70751243
160,Butler,2020-10,821.0,-78.20916932,41.43880265
161,Butler,2020-11,2812.0,-79.00101814,41.13139091
162,Butler,2020-12,4801.0,-79.76286561,41.40341259
163,Butler,2021-01,3312.0,-79.76286561,41.40341259
164,Butler,2021-02,1119.0,-75.31263726,40.7545954
165,Butler,2021-03,1391.0,-77.25907385,40.40415317
166,Butler,2021-04,1451.0,-77.25907385,40.40415317
167,Butler,2021-05,672.0,-75.80250303,41.8205686
168,Butler,2021-06,143.0,-75.16775600000001,39.346129
169,Butler,2021-07,149.0,-77.25907385,40.40415317
170,Cambria,2020-03,3.0,-78.49116474,40.00737536
171,Cambria,2020-04,30.0,-76.77960568,40.41974636
172,Cambria,2020-05,27.0,-77.89879229,41.74420644
173,Cambria,2020-06,32.0,-75.34083603,41.06091787
174,Cambria,2020-07,184.0,-79.76286561,41.40341259
175,Cambria,2020-08,214.0,-78.49116474,40.00737536
176,Cambria,2020-09,151.0,-76.22332385,40.70751243
177,Cambria,2020-10,621.0,-77.25907385,40.40415317
178,Cambria,2020-11,3508.0,-79.27858158,41.81675237
179,Cambria,2020-12,4188.0,-78.49116474,40.00737536
180,Cambria,2021-01,1891.0,-76.77960568,40.41974636
181,Cambria,2021-02,889.0,-76.22332385,40.70751243
182,Cambria,2021-03,621.0,-76.4100218,41.04912086
183,Cambria,2021-04,1508.0,-79.27858158,41.81675237
184,Cambria,2021-05,803.0,-78.49116474,40.00737536
185,Cambria,2021-06,158.0,-78.34907687,40.48555024
186,Cambria,2021-07,78.0,-78.64947713,41.42819416
187,Cameron,2020-03,1.0,-76.77960568,40.41974636
188,Cameron,2020-04,0.0,-75.34083603,41.06091787
189,Cameron,2020-05,1.0,-79.23780995,41.51357876
190,Cameron,2020-06,1.0,-75.34083603,41.06091787
191,Cameron,2020-07,3.0,-77.72398845,39.92786197
192,Cameron,2020-08,2.0,-75.40627712,39.91657867
193,Cameron,2020-09,0.0,-79.76286561,41.40341259
194,Cameron,2020-10,2.0,-77.25907385,40.40415317
195,Cameron,2020-11,17.0,-79.76286561,41.40341259
196,Cameron,2020-12,131.0,-76.22332385,40.70751243
197,Cameron,2021-01,87.0,-79.76286561,41.40341259
198,Cameron,2021-02,16.0,-79.76286561,41.40341259
199,Cameron,2021-03,17.0,-78.11485045,39.92487511
200,Cameron,2021-04,12.0,-76.77960568,40.41974636
201,Cameron,2021-05,13.0,-79.76286561,41.40341259
202,Cameron,2021-06,6.0,-76.5147922,41.448099400000004
203,Cameron,2021-07,9.0,-77.25907385,40.40415317
204,Carbon,2020-03,24.0,-79.27858158,41.81675237
205,Carbon,2020-04,157.0,-76.77960568,40.41974636
206,Carbon,2020-05,55.0,-79.76286561,41.40341259
207,Carbon,2020-06,47.0,-78.20916932,41.43880265
208,Carbon,2020-07,81.0,-78.49116474,40.00737536
209,Carbon,2020-08,66.0,-79.76286561,41.40341259
210,Carbon,2020-09,48.0,-79.09333493,40.65295497
211,Carbon,2020-10,150.0,-77.25907385,40.40415317
212,Carbon,2020-11,760.0,-77.25907385,40.40415317
213,Carbon,2020-12,1480.0,-77.405775,40.53433008
214,Carbon,2021-01,1570.0,-76.22332385,40.70751243
215,Carbon,2021-02,474.0,-75.9919961,41.17836439
216,Carbon,2021-03,536.0,-77.82500112,40.9193135
217,Carbon,2021-04,657.0,-77.62003089,40.61274928
218,Carbon,2021-05,262.0,-78.49116474,40.00737536
219,Carbon,2021-06,36.0,-77.25907385,40.40415317
220,Carbon,2021-07,51.0,-77.25907385,40.40415317
221,Centre,2020-03,32.0,-76.77960568,40.41974636
222,Centre,2020-04,71.0,-79.27858158,41.81675237
223,Centre,2020-05,54.0,-78.49116474,40.00737536
224,Centre,2020-06,52.0,-79.76286561,41.40341259
225,Centre,2020-07,148.0,-78.49116474,40.00737536
226,Centre,2020-08,145.0,-77.62003089,40.61274928
227,Centre,2020-09,2410.0,-76.22332385,40.70751243
228,Centre,2020-10,1497.0,-78.49116474,40.00737536
229,Centre,2020-11,2168.0,-76.22332385,40.70751243
230,Centre,2020-12,2690.0,-75.34083603,41.06091787
231,Centre,2021-01,2333.0,-75.34083603,41.06091787
232,Centre,2021-02,1560.0,-76.77960568,40.41974636
233,Centre,2021-03,1657.0,-76.77960568,40.41974636
234,Centre,2021-04,1655.0,-75.71107039,40.91936701
235,Centre,2021-05,385.0,-77.62003089,40.61274928
236,Centre,2021-06,62.0,-76.77960568,40.41974636
237,Centre,2021-07,126.0,-79.76286561,41.40341259
238,Chester,2020-03,186.0,-77.62003089,40.61274928
239,Chester,2020-04,1262.0,-75.34083603,41.06091787
240,Chester,2020-05,1338.0,-76.77960568,40.41974636
241,Chester,2020-06,961.0,-77.25907385,40.40415317
242,Chester,2020-07,1156.0,-75.34083603,41.06091787
243,Chester,2020-08,801.0,-77.25907385,40.40415317
244,Chester,2020-09,1294.0,-76.22332385,40.70751243
245,Chester,2020-10,1337.0,-76.22332385,40.70751243
246,Chester,2020-11,4104.0,-76.77960568,40.41974636
247,Chester,2020-12,8170.0,-77.25907385,40.40415317
248,Chester,2021-01,6816.0,-75.71107039,40.91936701
249,Chester,2021-02,3078.0,-79.91711779,40.91083185
250,Chester,2021-03,3661.0,-79.00101814,41.13139091
251,Chester,2021-04,4916.0,-79.76286561,41.40341259
252,Chester,2021-05,1472.0,-79.76286561,41.40341259
253,Chester,2021-06,265.0,-75.34083603,41.06091787
254,Chester,2021-07,393.0,-79.76286561,41.40341259
255,Clarion,2020-03,4.0,-76.77960568,40.41974636
256,Clarion,2020-04,23.0,-79.76286561,41.40341259
257,Clarion,2020-05,5.0,-79.23780995,41.51357876
258,Clarion,2020-06,9.0,-78.49116474,40.00737536
259,Clarion,2020-07,42.0,-79.76286561,41.40341259
260,Clarion,2020-08,19.0,-79.76286561,41.40341259
261,Clarion,2020-09,38.0,-79.76286561,41.40341259
262,Clarion,2020-10,120.0,-78.49116474,40.00737536
263,Clarion,2020-11,782.0,-76.77960568,40.41974636
264,Clarion,2020-12,1013.0,-76.22332385,40.70751243
265,Clarion,2021-01,449.0,-77.25907385,40.40415317
266,Clarion,2021-02,201.0,-79.76286561,41.40341259
267,Clarion,2021-03,150.0,-77.62003089,40.61274928
268,Clarion,2021-04,210.0,-78.49116474,40.00737536
269,Clarion,2021-05,118.0,-76.22332385,40.70751243
270,Clarion,2021-06,22.0,-76.22332385,40.70751243
271,Clarion,2021-07,21.0,-77.25907385,40.40415317
272,Clearfield,2020-03,5.0,-78.47558343,41.000429
273,Clearfield,2020-04,16.0,-79.91711779,40.91083185
274,Clearfield,2020-05,24.0,-78.49116474,40.00737536
275,Clearfield,2020-06,35.0,-76.77960568,40.41974636
276,Clearfield,2020-07,65.0,-79.76286561,41.40341259
277,Clearfield,2020-08,105.0,-79.76286561,41.40341259
278,Clearfield,2020-09,115.0,-79.27858158,41.81675237
279,Clearfield,2020-10,178.0,-79.76286561,41.40341259
280,Clearfield,2020-11,1290.0,-79.76286561,41.40341259
281,Clearfield,2020-12,2359.0,-79.27858158,41.81675237
282,Clearfield,2021-01,1474.0,-77.25788076,41.77333834
283,Clearfield,2021-02,645.0,-76.77960568,40.41974636
284,Clearfield,2021-03,947.0,-76.22332385,40.70751243
285,Clearfield,2021-04,960.0,-78.49116474,40.00737536
286,Clearfield,2021-05,372.0,-77.89879229,41.74420644
287,Clearfield,2021-06,58.0,-75.16775600000001,39.346129
288,Clearfield,2021-07,72.0,-75.75626498,39.97487056
289,Clinton,2020-03,0.0,-75.80250303,41.8205686
290,Clinton,2020-04,31.0,-78.47558343,41.000429
291,Clinton,2020-05,27.0,-76.22332385,40.70751243
292,Clinton,2020-06,23.0,-80.25180083,40.19109663
293,Clinton,2020-07,36.0,-78.47558343,41.000429
294,Clinton,2020-08,26.0,-77.07255968,40.77113737
295,Clinton,2020-09,72.0,-79.76286561,41.40341259
296,Clinton,2020-10,76.0,-77.25907385,40.40415317
297,Clinton,2020-11,509.0,-79.76286561,41.40341259
298,Clinton,2020-12,1209.0,-78.34907687,40.48555024
299,Clinton,2021-01,529.0,-77.62003089,40.61274928
300,Clinton,2021-02,291.0,-79.27858158,41.81675237
301,Clinton,2021-03,294.0,-78.49116474,40.00737536
302,Clinton,2021-04,426.0,-77.25907385,40.40415317
303,Clinton,2021-05,131.0,-78.20916932,41.43880265
304,Clinton,2021-06,32.0,-79.76286561,41.40341259
305,Clinton,2021-07,15.0,-79.27858158,41.81675237
306,Columbia,2020-03,8.0,-78.49116474,40.00737536
307,Columbia,2020-04,288.0,-79.23780995,41.51357876
308,Columbia,2020-05,54.0,-77.6428376,41.23286274
309,Columbia,2020-06,59.0,-76.77960568,40.41974636
310,Columbia,2020-07,58.0,-76.22332385,40.70751243
311,Columbia,2020-08,255.0,-77.405775,40.53433008
312,Columbia,2020-09,218.0,-75.75626498,39.97487056
313,Columbia,2020-10,150.0,-79.91711779,40.91083185
314,Columbia,2020-11,414.0,-78.49116474,40.00737536
315,Columbia,2020-12,1338.0,-78.49116474,40.00737536
316,Columbia,2021-01,1369.0,-76.22332385,40.70751243
317,Columbia,2021-02,431.0,-76.77960568,40.41974636
318,Columbia,2021-03,321.0,-79.76286561,41.40341259
319,Columbia,2021-04,550.0,-78.71894174,40.49127491
320,Columbia,2021-05,336.0,-77.25907385,40.40415317
321,Columbia,2021-06,56.0,-78.11485045,39.92487511
322,Columbia,2021-07,23.0,-79.09333493,40.65295497
323,Crawford,2020-03,5.0,-76.5147922,41.448099400000004
324,Crawford,2020-04,17.0,-78.64947713,41.42819416
325,Crawford,2020-05,10.0,-77.25907385,40.40415317
326,Crawford,2020-06,29.0,-79.76286561,41.40341259
327,Crawford,2020-07,75.0,-79.47316899,40.81509526
328,Crawford,2020-08,101.0,-76.4100218,41.04912086
329,Crawford,2020-09,90.0,-79.00101814,41.13139091
330,Crawford,2020-10,269.0,-79.76286561,41.40341259
331,Crawford,2020-11,1440.0,-79.76286561,41.40341259
332,Crawford,2020-12,2963.0,-77.25907385,40.40415317
333,Crawford,2021-01,1019.0,-79.76286561,41.40341259
334,Crawford,2021-02,412.0,-75.34083603,41.06091787
335,Crawford,2021-03,273.0,-77.98276609999999,40.416105
336,Crawford,2021-04,364.0,-78.49116474,40.00737536
337,Crawford,2021-05,390.0,-77.62003089,40.61274928
338,Crawford,2021-06,90.0,-79.00101814,41.13139091
339,Crawford,2021-07,97.0,-79.91711779,40.91083185
340,Cumberland,2020-03,40.0,-78.47558343,41.000429
341,Cumberland,2020-04,316.0,-77.06942457,41.34459792
342,Cumberland,2020-05,284.0,-79.76286561,41.40341259
343,Cumberland,2020-06,220.0,-78.49116474,40.00737536
344,Cumberland,2020-07,371.0,-79.76286561,41.40341259
345,Cumberland,2020-08,323.0,-78.49116474,40.00737536
346,Cumberland,2020-09,376.0,-77.62003089,40.61274928
347,Cumberland,2020-10,642.0,-79.76286561,41.40341259
348,Cumberland,2020-11,2638.0,-79.76286561,41.40341259
349,Cumberland,2020-12,5313.0,-77.62003089,40.61274928
350,Cumberland,2021-01,4022.0,-75.34083603,41.06091787
351,Cumberland,2021-02,1961.0,-76.77960568,40.41974636
352,Cumberland,2021-03,1500.0,-76.01813003,41.51892488
353,Cumberland,2021-04,1693.0,-79.76286561,41.40341259
354,Cumberland,2021-05,772.0,-78.49116474,40.00737536
355,Cumberland,2021-06,151.0,-76.5147922,41.448099400000004
356,Cumberland,2021-07,221.0,-76.22332385,40.70751243
357,Dauphin,2020-03,62.0,-79.98619843,40.46735543
358,Dauphin,2020-04,541.0,-80.25180083,40.19109663
359,Dauphin,2020-05,710.0,-79.00101814,41.13139091
360,Dauphin,2020-06,757.0,-76.77960568,40.41974636
361,Dauphin,2020-07,589.0,-79.27858158,41.81675237
362,Dauphin,2020-08,707.0,-77.25907385,40.40415317
363,Dauphin,2020-09,531.0,-76.22332385,40.70751243
364,Dauphin,2020-10,1128.0,-79.76286561,41.40341259
365,Dauphin,2020-11,2905.0,-77.25907385,40.40415317
366,Dauphin,2020-12,6144.0,-75.34083603,41.06091787
367,Dauphin,2021-01,4597.0,-76.22332385,40.70751243
368,Dauphin,2021-02,1954.0,-76.77960568,40.41974636
369,Dauphin,2021-03,1834.0,-77.62003089,40.61274928
370,Dauphin,2021-04,2397.0,-75.34083603,41.06091787
371,Dauphin,2021-05,1101.0,-76.77960568,40.41974636
372,Dauphin,2021-06,170.0,-79.76286561,41.40341259
373,Dauphin,2021-07,219.0,-76.22332385,40.70751243
374,Delaware,2020-03,398.0,-77.25788076,41.77333834
375,Delaware,2020-04,3499.0,-78.49116474,40.00737536
376,Delaware,2020-05,2597.0,-79.27858158,41.81675237
377,Delaware,2020-06,753.0,-79.76286561,41.40341259
378,Delaware,2020-07,1553.0,-75.40627712,39.91657867
379,Delaware,2020-08,1663.0,-77.06942457,41.34459792
380,Delaware,2020-09,1157.0,-76.77960568,40.41974636
381,Delaware,2020-10,2435.0,-79.76286561,41.40341259
382,Delaware,2020-11,6304.0,-79.27858158,41.81675237
383,Delaware,2020-12,9530.0,-78.49116474,40.00737536
384,Delaware,2021-01,7343.0,-79.76286561,41.40341259
385,Delaware,2021-02,3480.0,-79.76286561,41.40341259
386,Delaware,2021-03,3952.0,-76.22332385,40.70751243
387,Delaware,2021-04,5597.0,-79.76286561,41.40341259
388,Delaware,2021-05,1712.0,-76.51825624,41.79117814
389,Delaware,2021-06,414.0,-79.76286561,41.40341259
390,Delaware,2021-07,513.0,-79.27858158,41.81675237
391,Elk,2020-03,0.0,-77.06942457,41.34459792
392,Elk,2020-04,5.0,-80.25180083,40.19109663
393,Elk,2020-05,0.0,-79.76286561,41.40341259
394,Elk,2020-06,12.0,-79.76286561,41.40341259
395,Elk,2020-07,30.0,-79.76286561,41.40341259
396,Elk,2020-08,21.0,-78.49116474,40.00737536
397,Elk,2020-09,12.0,-77.62003089,40.61274928
398,Elk,2020-10,124.0,-78.49116474,40.00737536
399,Elk,2020-11,361.0,-76.22332385,40.70751243
400,Elk,2020-12,916.0,-75.34083603,41.06091787
401,Elk,2021-01,667.0,-78.49116474,40.00737536
402,Elk,2021-02,177.0,-79.76286561,41.40341259
403,Elk,2021-03,234.0,-76.22332385,40.70751243
404,Elk,2021-04,252.0,-77.25907385,40.40415317
405,Elk,2021-05,50.0,-79.76286561,41.40341259
406,Elk,2021-06,8.0,-79.76286561,41.40341259
407,Elk,2021-07,22.0,-79.76286561,41.40341259
408,Erie,2020-03,20.0,-78.49116474,40.00737536
409,Erie,2020-04,76.0,-79.76286561,41.40341259
410,Erie,2020-05,207.0,-75.37252001,40.20989874
411,Erie,2020-06,327.0,-79.00101814,41.13139091
412,Erie,2020-07,334.0,-79.76286561,41.40341259
413,Erie,2020-08,413.0,-79.76286561,41.40341259
414,Erie,2020-09,226.0,-77.62003089,40.61274928
415,Erie,2020-10,659.0,-76.77960568,40.41974636
416,Erie,2020-11,3429.0,-76.22332385,40.70751243
417,Erie,2020-12,6227.0,-77.25907385,40.40415317
418,Erie,2021-01,3695.0,-79.76286561,41.40341259
419,Erie,2021-02,1723.0,-79.76286561,41.40341259
420,Erie,2021-03,1376.0,-77.62003089,40.61274928
421,Erie,2021-04,1409.0,-76.22332385,40.70751243
422,Erie,2021-05,911.0,-79.76286561,41.40341259
423,Erie,2021-06,196.0,-79.76286561,41.40341259
424,Erie,2021-07,126.0,-79.76286561,41.40341259
425,Fayette,2020-03,16.0,-76.22332385,40.70751243
426,Fayette,2020-04,70.0,-79.76286561,41.40341259
427,Fayette,2020-05,14.0,-79.47316899,40.81509526
428,Fayette,2020-06,22.0,-76.77960568,40.41974636
429,Fayette,2020-07,286.0,-75.34083603,41.06091787
430,Fayette,2020-08,299.0,-77.25907385,40.40415317
431,Fayette,2020-09,119.0,-77.62003089,40.61274928
432,Fayette,2020-10,265.0,-76.22332385,40.70751243
433,Fayette,2020-11,1209.0,-79.76286561,41.40341259
434,Fayette,2020-12,4936.0,-75.40627712,39.91657867
435,Fayette,2021-01,2323.0,-78.47558343,41.000429
436,Fayette,2021-02,771.0,-77.25907385,40.40415317
437,Fayette,2021-03,929.0,-76.77960568,40.41974636
438,Fayette,2021-04,1245.0,-76.22332385,40.70751243
439,Fayette,2021-05,748.0,-79.76286561,41.40341259
440,Fayette,2021-06,175.0,-77.25907385,40.40415317
441,Fayette,2021-07,74.0,-75.34083603,41.06091787
442,Forest,2020-03,0.0,-79.76286561,41.40341259
443,Forest,2020-04,7.0,-75.34083603,41.06091787
444,Forest,2020-05,0.0,-77.62003089,40.61274928
445,Forest,2020-06,0.0,-79.76286561,41.40341259
446,Forest,2020-07,2.0,-79.76286561,41.40341259
447,Forest,2020-08,5.0,-77.25907385,40.40415317
448,Forest,2020-09,2.0,-76.22332385,40.70751243
449,Forest,2020-10,4.0,-76.22332385,40.70751243
450,Forest,2020-11,84.0,-79.76286561,41.40341259
451,Forest,2020-12,212.0,-76.77960568,40.41974636
452,Forest,2021-01,1019.0,-79.76286561,41.40341259
453,Forest,2021-02,44.0,-77.25907385,40.40415317
454,Forest,2021-03,18.0,-79.76286561,41.40341259
455,Forest,2021-04,14.0,-78.47558343,41.000429
456,Forest,2021-05,20.0,-78.49116474,40.00737536
457,Forest,2021-06,4.0,-77.06942457,41.34459792
458,Forest,2021-07,5.0,-79.00101814,41.13139091
459,Franklin,2020-03,19.0,-76.77960568,40.41974636
460,Franklin,2020-04,294.0,-78.49116474,40.00737536
461,Franklin,2020-05,469.0,-76.22332385,40.70751243
462,Franklin,2020-06,168.0,-79.76286561,41.40341259
463,Franklin,2020-07,336.0,-76.22332385,40.70751243
464,Franklin,2020-08,247.0,-79.76286561,41.40341259
465,Franklin,2020-09,281.0,-79.76286561,41.40341259
466,Franklin,2020-10,532.0,-75.34083603,41.06091787
467,Franklin,2020-11,2334.0,-76.77960568,40.41974636
468,Franklin,2020-12,4092.0,-76.77960568,40.41974636
469,Franklin,2021-01,2724.0,-79.76286561,41.40341259
470,Franklin,2021-02,1016.0,-76.77960568,40.41974636
471,Franklin,2021-03,1052.0,-79.76286561,41.40341259
472,Franklin,2021-04,1164.0,-76.22332385,40.70751243
473,Franklin,2021-05,581.0,-79.76286561,41.40341259
474,Franklin,2021-06,160.0,-79.76286561,41.40341259
475,Franklin,2021-07,105.0,-79.76286561,41.40341259
476,Fulton,2020-03,0.0,-79.76286561,41.40341259
477,Fulton,2020-04,4.0,-76.22332385,40.70751243
478,Fulton,2020-05,11.0,-75.34083603,41.06091787
479,Fulton,2020-06,3.0,-79.76286561,41.40341259
480,Fulton,2020-07,4.0,-78.49116474,40.00737536
481,Fulton,2020-08,12.0,-79.76286561,41.40341259
482,Fulton,2020-09,17.0,-79.76286561,41.40341259
483,Fulton,2020-10,44.0,-79.76286561,41.40341259
484,Fulton,2020-11,203.0,-77.25907385,40.40415317
485,Fulton,2020-12,428.0,-79.76286561,41.40341259
486,Fulton,2021-01,318.0,-79.76286561,41.40341259
487,Fulton,2021-02,89.0,-79.76286561,41.40341259
488,Fulton,2021-03,65.0,-79.76286561,41.40341259
489,Fulton,2021-04,89.0,-77.25907385,40.40415317
490,Fulton,2021-05,69.0,-76.77960568,40.41974636
491,Fulton,2021-06,17.0,-76.22332385,40.70751243
492,Fulton,2021-07,16.0,-80.25180083,40.19109663
493,Greene,2020-03,9.0,-79.76286561,41.40341259
494,Greene,2020-04,18.0,-79.76286561,41.40341259
495,Greene,2020-05,1.0,-78.49116474,40.00737536
496,Greene,2020-06,18.0,-75.34083603,41.06091787
497,Greene,2020-07,67.0,-79.27858158,41.81675237
498,Greene,2020-08,40.0,-76.77960568,40.41974636
499,Greene,2020-09,49.0,-75.71107039,40.91936701
500,Greene,2020-10,84.0,-79.00101814,41.13139091
501,Greene,2020-11,483.0,-79.00101814,41.13139091
502,Greene,2020-12,952.0,-78.49116474,40.00737536
503,Greene,2021-01,697.0,-76.22332385,40.70751243
504,Greene,2021-02,251.0,-76.77960568,40.41974636
505,Greene,2021-03,211.0,-79.76286561,41.40341259
506,Greene,2021-04,278.0,-79.76286561,41.40341259
507,Greene,2021-05,152.0,-76.77960568,40.41974636
508,Greene,2021-06,46.0,-79.76286561,41.40341259
509,Greene,2021-07,29.0,-79.76286561,41.40341259
510,Huntingdon,2020-03,1.0,-77.62003089,40.61274928
511,Huntingdon,2020-04,39.0,-77.405775,40.53433008
512,Huntingdon,2020-05,191.0,-77.25907385,40.40415317
513,Huntingdon,2020-06,21.0,-79.76286561,41.40341259
514,Huntingdon,2020-07,38.0,-77.25907385,40.40415317
515,Huntingdon,2020-08,84.0,-76.77960568,40.41974636
516,Huntingdon,2020-09,55.0,-79.76286561,41.40341259
517,Huntingdon,2020-10,614.0,-79.76286561,41.40341259
518,Huntingdon,2020-11,729.0,-77.25907385,40.40415317
519,Huntingdon,2020-12,1319.0,-77.72398845,39.92786197
520,Huntingdon,2021-01,800.0,-79.76286561,41.40341259
521,Huntingdon,2021-02,304.0,-75.34083603,41.06091787
522,Huntingdon,2021-03,403.0,-78.49116474,40.00737536
523,Huntingdon,2021-04,323.0,-79.76286561,41.40341259
524,Huntingdon,2021-05,187.0,-78.49116474,40.00737536
525,Huntingdon,2021-06,62.0,-79.76286561,41.40341259
526,Huntingdon,2021-07,25.0,-77.62003089,40.61274928
527,Indiana,2020-03,6.0,-76.22332385,40.70751243
528,Indiana,2020-04,57.0,-79.76286561,41.40341259
529,Indiana,2020-05,29.0,-76.77960568,40.41974636
530,Indiana,2020-06,19.0,-77.25907385,40.40415317
531,Indiana,2020-07,154.0,-78.49116474,40.00737536
532,Indiana,2020-08,169.0,-79.76286561,41.40341259
533,Indiana,2020-09,316.0,-79.76286561,41.40341259
534,Indiana,2020-10,489.0,-77.25907385,40.40415317
535,Indiana,2020-11,1407.0,-79.76286561,41.40341259
536,Indiana,2020-12,1359.0,-76.22332385,40.70751243
537,Indiana,2021-01,774.0,-75.16775600000001,39.346129
538,Indiana,2021-02,311.0,-79.76286561,41.40341259
539,Indiana,2021-03,298.0,-78.47558343,41.000429
540,Indiana,2021-04,560.0,-77.06942457,41.34459792
541,Indiana,2021-05,419.0,-77.06942457,41.34459792
542,Indiana,2021-06,48.0,-79.76286561,41.40341259
543,Indiana,2021-07,68.0,-79.27858158,41.81675237
544,Jefferson,2020-03,0.0,-77.62003089,40.61274928
545,Jefferson,2020-04,6.0,-79.76286561,41.40341259
546,Jefferson,2020-05,5.0,-79.76286561,41.40341259
547,Jefferson,2020-06,17.0,-76.22332385,40.70751243
548,Jefferson,2020-07,34.0,-79.76286561,41.40341259
549,Jefferson,2020-08,41.0,-79.76286561,41.40341259
550,Jefferson,2020-09,26.0,-75.34083603,41.06091787
551,Jefferson,2020-10,112.0,-77.25907385,40.40415317
552,Jefferson,2020-11,631.0,-79.27858158,41.81675237
553,Jefferson,2020-12,1050.0,-79.76286561,41.40341259
554,Jefferson,2021-01,640.0,-77.62003089,40.61274928
555,Jefferson,2021-02,237.0,-76.77960568,40.41974636
556,Jefferson,2021-03,206.0,-79.76286561,41.40341259
557,Jefferson,2021-04,208.0,-76.77960568,40.41974636
558,Jefferson,2021-05,115.0,-77.25907385,40.40415317
559,Jefferson,2021-06,16.0,-79.76286561,41.40341259
560,Jefferson,2021-07,11.0,-79.91711779,40.91083185
561,Juniata,2020-03,2.0,-79.76286561,41.40341259
562,Juniata,2020-04,82.0,-79.76286561,41.40341259
563,Juniata,2020-05,10.0,-77.22224271,39.87209565
564,Juniata,2020-06,17.0,-79.76286561,41.40341259
565,Juniata,2020-07,16.0,-76.77960568,40.41974636
566,Juniata,2020-08,26.0,-76.22332385,40.70751243
567,Juniata,2020-09,47.0,-79.76286561,41.40341259
568,Juniata,2020-10,48.0,-77.62003089,40.61274928
569,Juniata,2020-11,502.0,-76.22332385,40.70751243
570,Juniata,2020-12,624.0,-76.77960568,40.41974636
571,Juniata,2021-01,334.0,-79.76286561,41.40341259
572,Juniata,2021-02,117.0,-78.11485045,39.92487511
573,Juniata,2021-03,105.0,-79.76286561,41.40341259
574,Juniata,2021-04,140.0,-75.31263726,40.7545954
575,Juniata,2021-05,62.0,-77.62003089,40.61274928
576,Juniata,2021-06,9.0,-79.47134118,40.310315
577,Juniata,2021-07,12.0,-75.40627712,39.91657867
578,Lackawanna,2020-03,89.0,-79.98619843,40.46735543
579,Lackawanna,2020-04,857.0,-80.25180083,40.19109663
580,Lackawanna,2020-05,608.0,-78.47558343,41.000429
581,Lackawanna,2020-06,165.0,-79.00101814,41.13139091
582,Lackawanna,2020-07,192.0,-79.91711779,40.91083185
583,Lackawanna,2020-08,199.0,-76.77960568,40.41974636
584,Lackawanna,2020-09,556.0,-78.20916932,41.43880265
585,Lackawanna,2020-10,1268.0,-76.66470527,41.02801824
586,Lackawanna,2020-11,1407.0,-77.6428376,41.23286274
587,Lackawanna,2020-12,3739.0,-78.49116474,40.00737536
588,Lackawanna,2021-01,3473.0,-75.31263726,40.7545954
589,Lackawanna,2021-02,1476.0,-79.47134118,40.310315
590,Lackawanna,2021-03,1653.0,-76.77960568,40.41974636
591,Lackawanna,2021-04,2063.0,-76.22332385,40.70751243
592,Lackawanna,2021-05,694.0,-75.31263726,40.7545954
593,Lackawanna,2021-06,123.0,-75.31263726,40.7545954
594,Lackawanna,2021-07,142.0,-79.76286561,41.40341259
595,Lancaster,2020-03,156.0,-78.49116474,40.00737536
596,Lancaster,2020-04,1663.0,-79.76286561,41.40341259
597,Lancaster,2020-05,1376.0,-76.22332385,40.70751243
598,Lancaster,2020-06,1271.0,-78.49116474,40.00737536
599,Lancaster,2020-07,1141.0,-75.140236,40.00444354
600,Lancaster,2020-08,1189.0,-77.25907385,40.40415317
601,Lancaster,2020-09,1265.0,-76.46182575,40.367596999999996
602,Lancaster,2020-10,1891.0,-76.46182575,40.367596999999996
603,Lancaster,2020-11,7094.0,-79.76286561,41.40341259
604,Lancaster,2020-12,11304.0,-79.00101814,41.13139091
605,Lancaster,2021-01,10322.0,-78.47558343,41.000429
606,Lancaster,2021-02,5036.0,-78.47558343,41.000429
607,Lancaster,2021-03,4281.0,-77.07255968,40.77113737
608,Lancaster,2021-04,5325.0,-78.64947713,41.42819416
609,Lancaster,2021-05,1805.0,-79.76286561,41.40341259
610,Lancaster,2021-06,306.0,-75.31263726,40.7545954
611,Lancaster,2021-07,450.0,-78.49116474,40.00737536
612,Lawrence,2020-03,15.0,-78.49116474,40.00737536
613,Lawrence,2020-04,52.0,-79.47134118,40.310315
614,Lawrence,2020-05,15.0,-76.77960568,40.41974636
615,Lawrence,2020-06,29.0,-77.25907385,40.40415317
616,Lawrence,2020-07,230.0,-75.31263726,40.7545954
617,Lawrence,2020-08,123.0,-77.25907385,40.40415317
618,Lawrence,2020-09,80.0,-76.77960568,40.41974636
619,Lawrence,2020-10,425.0,-79.98619843,40.46735543
620,Lawrence,2020-11,1339.0,-76.01813003,41.51892488
621,Lawrence,2020-12,1960.0,-76.22332385,40.70751243
622,Lawrence,2021-01,1232.0,-80.25180083,40.19109663
623,Lawrence,2021-02,540.0,-80.25180083,40.19109663
624,Lawrence,2021-03,592.0,-79.76286561,41.40341259
625,Lawrence,2021-04,634.0,-79.76286561,41.40341259
626,Lawrence,2021-05,317.0,-79.47134118,40.310315
627,Lawrence,2021-06,110.0,-78.5712202,41.81037074
628,Lawrence,2021-07,123.0,-75.34083603,41.06091787
629,Lebanon,2020-03,36.0,-79.47134118,40.310315
630,Lebanon,2020-04,652.0,-75.31263726,40.7545954
631,Lebanon,2020-05,286.0,-78.49116474,40.00737536
632,Lebanon,2020-06,378.0,-77.07255968,40.77113737
633,Lebanon,2020-07,220.0,-76.77960568,40.41974636
634,Lebanon,2020-08,172.0,-76.5147922,41.448099400000004
635,Lebanon,2020-09,360.0,-76.77960568,40.41974636
636,Lebanon,2020-10,1123.0,-77.25907385,40.40415317
637,Lebanon,2020-11,2177.0,-79.27858158,41.81675237
638,Lebanon,2020-12,3590.0,-75.34083603,41.06091787
639,Lebanon,2021-01,2837.0,-79.76286561,41.40341259
640,Lebanon,2021-02,1040.0,-76.22332385,40.70751243
641,Lebanon,2021-03,1006.0,-78.49116474,40.00737536
642,Lebanon,2021-04,1537.0,-80.25180083,40.19109663
643,Lebanon,2021-05,691.0,-75.31263726,40.7545954
644,Lebanon,2021-06,95.0,-79.76286561,41.40341259
645,Lebanon,2021-07,99.0,-78.49116474,40.00737536
646,Lehigh,2020-03,396.0,-79.27858158,41.81675237
647,Lehigh,2020-04,2461.0,-79.76286561,41.40341259
648,Lehigh,2020-05,930.0,-79.47134118,40.310315
649,Lehigh,2020-06,491.0,-76.22332385,40.70751243
650,Lehigh,2020-07,567.0,-75.34083603,41.06091787
651,Lehigh,2020-08,402.0,-79.27858158,41.81675237
652,Lehigh,2020-09,503.0,-77.405775,40.53433008
653,Lehigh,2020-10,1169.0,-78.49116474,40.00737536
654,Lehigh,2020-11,4729.0,-76.77960568,40.41974636
655,Lehigh,2020-12,9146.0,-75.31263726,40.7545954
656,Lehigh,2021-01,7549.0,-78.49116474,40.00737536
657,Lehigh,2021-02,2530.0,-76.22332385,40.70751243
658,Lehigh,2021-03,3351.0,-75.75626498,39.97487056
659,Lehigh,2021-04,4048.0,-77.72398845,39.92786197
660,Lehigh,2021-05,1345.0,-75.34083603,41.06091787
661,Lehigh,2021-06,226.0,-76.77960568,40.41974636
662,Lehigh,2021-07,373.0,-75.31263726,40.7545954
663,Luzerne,2020-03,281.0,-75.34083603,41.06091787
664,Luzerne,2020-04,1885.0,-80.22943817,39.85480393
665,Luzerne,2020-05,583.0,-76.77960568,40.41974636
666,Luzerne,2020-06,185.0,-79.23780995,41.51357876
667,Luzerne,2020-07,377.0,-75.31263726,40.7545954
668,Luzerne,2020-08,505.0,-79.76286561,41.40341259
669,Luzerne,2020-09,370.0,-79.27858158,41.81675237
670,Luzerne,2020-10,1489.0,-75.31263726,40.7545954
671,Luzerne,2020-11,4269.0,-79.76286561,41.40341259
672,Luzerne,2020-12,7719.0,-79.27858158,41.81675237
673,Luzerne,2021-01,5376.0,-77.89879229,41.74420644
674,Luzerne,2021-02,1986.0,-79.76286561,41.40341259
675,Luzerne,2021-03,2208.0,-76.77960568,40.41974636
676,Luzerne,2021-04,3241.0,-78.49116474,40.00737536
677,Luzerne,2021-05,1339.0,-76.22332385,40.70751243
678,Luzerne,2021-06,306.0,-76.01813003,41.51892488
679,Luzerne,2021-07,270.0,-79.91711779,40.91083185
680,Lycoming,2020-03,6.0,-77.25907385,40.40415317
681,Lycoming,2020-04,65.0,-80.35107356,40.68349245
682,Lycoming,2020-05,93.0,-75.31263726,40.7545954
683,Lycoming,2020-06,21.0,-79.76286561,41.40341259
684,Lycoming,2020-07,148.0,-75.31263726,40.7545954
685,Lycoming,2020-08,199.0,-78.49116474,40.00737536
686,Lycoming,2020-09,196.0,-76.22332385,40.70751243
687,Lycoming,2020-10,300.0,-75.31263726,40.7545954
688,Lycoming,2020-11,1244.0,-75.31263726,40.7545954
689,Lycoming,2020-12,3901.0,-79.76286561,41.40341259
690,Lycoming,2021-01,2046.0,-76.22332385,40.70751243
691,Lycoming,2021-02,1167.0,-78.49116474,40.00737536
692,Lycoming,2021-03,887.0,-75.31263726,40.7545954
693,Lycoming,2021-04,1075.0,-77.62003089,40.61274928
694,Lycoming,2021-05,520.0,-77.25907385,40.40415317
695,Lycoming,2021-06,97.0,-76.22332385,40.70751243
696,Lycoming,2021-07,62.0,-76.22332385,40.70751243
697,McKean,2020-03,1.0,-75.31263726,40.7545954
698,McKean,2020-04,8.0,-77.25907385,40.40415317
699,McKean,2020-05,5.0,-76.5147922,41.448099400000004
700,McKean,2020-06,10.0,-79.91711779,40.91083185
701,McKean,2020-07,10.0,-77.06942457,41.34459792
702,McKean,2020-08,13.0,-80.25180083,40.19109663
703,McKean,2020-09,23.0,-79.76286561,41.40341259
704,McKean,2020-10,106.0,-75.31263726,40.7545954
705,McKean,2020-11,370.0,-78.11485045,39.92487511
706,McKean,2020-12,1225.0,-77.25907385,40.40415317
707,McKean,2021-01,998.0,-77.25907385,40.40415317
708,McKean,2021-02,281.0,-75.31263726,40.7545954
709,McKean,2021-03,147.0,-76.22332385,40.70751243
710,McKean,2021-04,314.0,-75.31263726,40.7545954
711,McKean,2021-05,264.0,-75.31263726,40.7545954
712,McKean,2021-06,37.0,-79.47316899,40.81509526
713,McKean,2021-07,41.0,-79.76286561,41.40341259
714,Mercer,2020-03,8.0,-77.25907385,40.40415317
715,Mercer,2020-04,59.0,-78.49116474,40.00737536
716,Mercer,2020-05,42.0,-75.31263726,40.7545954
717,Mercer,2020-06,31.0,-75.75626498,39.97487056
718,Mercer,2020-07,203.0,-78.47558343,41.000429
719,Mercer,2020-08,212.0,-78.47558343,41.000429
720,Mercer,2020-09,203.0,-79.47134118,40.310315
721,Mercer,2020-10,403.0,-76.22332385,40.70751243
722,Mercer,2020-11,1911.0,-79.76286561,41.40341259
723,Mercer,2020-12,3039.0,-76.77960568,40.41974636
724,Mercer,2021-01,1479.0,-76.22332385,40.70751243
725,Mercer,2021-02,534.0,-76.77960568,40.41974636
726,Mercer,2021-03,423.0,-75.31263726,40.7545954
727,Mercer,2021-04,628.0,-75.31263726,40.7545954
728,Mercer,2021-05,435.0,-79.76286561,41.40341259
729,Mercer,2021-06,111.0,-79.76286561,41.40341259
730,Mercer,2021-07,48.0,-79.47134118,40.310315
731,Mifflin,2020-03,1.0,-79.76286561,41.40341259
732,Mifflin,2020-04,37.0,-76.22332385,40.70751243
733,Mifflin,2020-05,25.0,-75.31263726,40.7545954
734,Mifflin,2020-06,5.0,-75.16775600000001,39.346129
735,Mifflin,2020-07,43.0,-75.75626498,39.97487056
736,Mifflin,2020-08,54.0,-76.22332385,40.70751243
737,Mifflin,2020-09,75.0,-76.25138768,40.04590796
738,Mifflin,2020-10,231.0,-75.75626498,39.97487056
739,Mifflin,2020-11,1344.0,-77.06942457,41.34459792
740,Mifflin,2020-12,1658.0,-79.76286561,41.40341259
741,Mifflin,2021-01,865.0,-77.62003089,40.61274928
742,Mifflin,2021-02,276.0,-76.22332385,40.70751243
743,Mifflin,2021-03,225.0,-75.34083603,41.06091787
744,Mifflin,2021-04,335.0,-79.76286561,41.40341259
745,Mifflin,2021-05,221.0,-75.31263726,40.7545954
746,Mifflin,2021-06,45.0,-79.47134118,40.310315
747,Mifflin,2021-07,19.0,-75.31263726,40.7545954
748,Monroe,2020-03,281.0,-75.34083603,41.06091787
749,Monroe,2020-04,871.0,-76.22332385,40.70751243
750,Monroe,2020-05,171.0,-75.31263726,40.7545954
751,Monroe,2020-06,107.0,-77.25907385,40.40415317
752,Monroe,2020-07,168.0,-79.76286561,41.40341259
753,Monroe,2020-08,129.0,-79.76286561,41.40341259
754,Monroe,2020-09,101.0,-76.22332385,40.70751243
755,Monroe,2020-10,275.0,-79.76286561,41.40341259
756,Monroe,2020-11,1383.0,-78.5712202,41.81037074
757,Monroe,2020-12,2741.0,-79.76286561,41.40341259
758,Monroe,2021-01,2449.0,-76.22332385,40.70751243
759,Monroe,2021-02,1025.0,-77.25907385,40.40415317
760,Monroe,2021-03,1839.0,-75.75626498,39.97487056
761,Monroe,2021-04,2440.0,-79.91711779,40.91083185
762,Monroe,2021-05,716.0,-79.00101814,41.13139091
763,Monroe,2021-06,132.0,-77.62003089,40.61274928
764,Monroe,2021-07,224.0,-77.62003089,40.61274928
765,Montgomery,2020-03,654.0,-76.77960568,40.41974636
766,Montgomery,2020-04,3819.0,-79.76286561,41.40341259
767,Montgomery,2020-05,2653.0,-79.76286561,41.40341259
768,Montgomery,2020-06,1351.0,-75.31263726,40.7545954
769,Montgomery,2020-07,1304.0,-77.25907385,40.40415317
770,Montgomery,2020-08,1252.0,-79.76286561,41.40341259
771,Montgomery,2020-09,1216.0,-77.25907385,40.40415317
772,Montgomery,2020-10,2070.0,-79.76286561,41.40341259
773,Montgomery,2020-11,7820.0,-76.77960568,40.41974636
774,Montgomery,2020-12,14314.0,-79.27858158,41.81675237
775,Montgomery,2021-01,12122.0,-79.76286561,41.40341259
776,Montgomery,2021-02,5134.0,-75.31263726,40.7545954
777,Montgomery,2021-03,5935.0,-76.77960568,40.41974636
778,Montgomery,2021-04,8120.0,-76.77960568,40.41974636
779,Montgomery,2021-05,2248.0,-75.16775600000001,39.346129
780,Montgomery,2021-06,387.0,-79.76286561,41.40341259
781,Montgomery,2021-07,839.0,-77.25907385,40.40415317
782,Montour,2020-03,12.0,-75.80250303,41.8205686
783,Montour,2020-04,38.0,-79.76286561,41.40341259
784,Montour,2020-05,6.0,-79.27858158,41.81675237
785,Montour,2020-06,21.0,-77.25907385,40.40415317
786,Montour,2020-07,19.0,-77.62003089,40.61274928
787,Montour,2020-08,39.0,-79.76286561,41.40341259
788,Montour,2020-09,63.0,-77.62003089,40.61274928
789,Montour,2020-10,117.0,-79.76286561,41.40341259
790,Montour,2020-11,160.0,-75.31263726,40.7545954
791,Montour,2020-12,633.0,-75.16775600000001,39.346129
792,Montour,2021-01,490.0,-79.76286561,41.40341259
793,Montour,2021-02,143.0,-79.76286561,41.40341259
794,Montour,2021-03,89.0,-75.3051535,41.64969805
795,Montour,2021-04,120.0,-79.27858158,41.81675237
796,Montour,2021-05,45.0,-79.76286561,41.40341259
797,Montour,2021-06,14.0,-76.77960568,40.41974636
798,Montour,2021-07,3.0,-75.34083603,41.06091787
799,Northampton,2020-03,318.0,-75.34083603,41.06091787
800,Northampton,2020-04,1813.0,-78.47558343,41.000429
801,Northampton,2020-05,969.0,-79.76286561,41.40341259
802,Northampton,2020-06,346.0,-79.76286561,41.40341259
803,Northampton,2020-07,423.0,-77.405775,40.53433008
804,Northampton,2020-08,289.0,-76.77960568,40.41974636
805,Northampton,2020-09,431.0,-77.25907385,40.40415317
806,Northampton,2020-10,1080.0,-75.34083603,41.06091787
807,Northampton,2020-11,3622.0,-76.22332385,40.70751243
808,Northampton,2020-12,7770.0,-79.76286561,41.40341259
809,Northampton,2021-01,6651.0,-75.31263726,40.7545954
810,Northampton,2021-02,3205.0,-76.22332385,40.70751243
811,Northampton,2021-03,3758.0,-79.23780995,41.51357876
812,Northampton,2021-04,3929.0,-79.76286561,41.40341259
813,Northampton,2021-05,1105.0,-76.22332385,40.70751243
814,Northampton,2021-06,187.0,-76.77960568,40.41974636
815,Northampton,2021-07,394.0,-79.76286561,41.40341259
816,Northumberland,2020-03,7.0,-77.62003089,40.61274928
817,Northumberland,2020-04,95.0,-76.22332385,40.70751243
818,Northumberland,2020-05,94.0,-79.76286561,41.40341259
819,Northumberland,2020-06,122.0,-76.77960568,40.41974636
820,Northumberland,2020-07,89.0,-77.62003089,40.61274928
821,Northumberland,2020-08,297.0,-77.25907385,40.40415317
822,Northumberland,2020-09,398.0,-76.77960568,40.41974636
823,Northumberland,2020-10,519.0,-75.31263726,40.7545954
824,Northumberland,2020-11,1108.0,-75.31263726,40.7545954
825,Northumberland,2020-12,2429.0,-79.76286561,41.40341259
826,Northumberland,2021-01,1804.0,-75.34083603,41.06091787
827,Northumberland,2021-02,1096.0,-79.76286561,41.40341259
828,Northumberland,2021-03,521.0,-76.77960568,40.41974636
829,Northumberland,2021-04,668.0,-79.76286561,41.40341259
830,Northumberland,2021-05,369.0,-79.76286561,41.40341259
831,Northumberland,2021-06,99.0,-78.49116474,40.00737536
832,Northumberland,2021-07,39.0,-75.31263726,40.7545954
833,Pennsylvania,2020-03,5897.0,-76.77960568,40.41974636
834,Pennsylvania,2020-04,41367.0,-76.77960568,40.41974636
835,Pennsylvania,2020-05,25296.0,-79.76286561,41.40341259
836,Pennsylvania,2020-06,15095.0,-75.71107039,40.91936701
837,Pennsylvania,2020-07,26054.0,-79.91711779,40.91083185
838,Pennsylvania,2020-08,22283.0,-79.76286561,41.40341259
839,Pennsylvania,2020-09,25497.0,-77.22224271,39.87209565
840,Pennsylvania,2020-10,50474.0,-77.62003089,40.61274928
841,Pennsylvania,2020-11,158439.0,-75.31263726,40.7545954
842,Pennsylvania,2020-12,281350.0,-77.62003089,40.61274928
843,Pennsylvania,2021-01,197231.0,-75.34083603,41.06091787
844,Pennsylvania,2021-02,85167.0,-78.20916932,41.43880265
845,Pennsylvania,2021-03,95860.0,-79.27858158,41.81675237
846,Pennsylvania,2021-04,125058.0,-79.76286561,41.40341259
847,Pennsylvania,2021-05,48156.0,-79.76286561,41.40341259
848,Pennsylvania,2021-06,9121.0,-78.49116474,40.00737536
849,Pennsylvania,2021-07,11045.0,-79.47134118,40.310315
850,Perry,2020-03,1.0,-79.00101814,41.13139091
851,Perry,2020-04,32.0,-76.77960568,40.41974636
852,Perry,2020-05,31.0,-79.27858158,41.81675237
853,Perry,2020-06,26.0,-79.47134118,40.310315
854,Perry,2020-07,34.0,-76.77960568,40.41974636
855,Perry,2020-08,61.0,-77.6428376,41.23286274
856,Perry,2020-09,61.0,-75.34083603,41.06091787
857,Perry,2020-10,143.0,-76.22332385,40.70751243
858,Perry,2020-11,303.0,-75.31263726,40.7545954
859,Perry,2020-12,1052.0,-79.76286561,41.40341259
860,Perry,2021-01,827.0,-76.77960568,40.41974636
861,Perry,2021-02,321.0,-79.76286561,41.40341259
862,Perry,2021-03,329.0,-80.04075909999999,41.99413787
863,Perry,2021-04,427.0,-78.49116474,40.00737536
864,Perry,2021-05,175.0,-75.31263726,40.7545954
865,Perry,2021-06,30.0,-76.22332385,40.70751243
866,Perry,2021-07,12.0,-79.76286561,41.40341259
867,Philadelphia,2020-03,1469.0,-79.76286561,41.40341259
868,Philadelphia,2020-04,11011.0,-75.16775600000001,39.346129
869,Philadelphia,2020-05,6045.0,-79.76286561,41.40341259
870,Philadelphia,2020-06,3270.0,-75.31263726,40.7545954
871,Philadelphia,2020-07,4297.0,-77.25907385,40.40415317
872,Philadelphia,2020-08,3673.0,-79.76286561,41.40341259
873,Philadelphia,2020-09,3050.0,-75.31263726,40.7545954
874,Philadelphia,2020-10,7942.0,-75.31263726,40.7545954
875,Philadelphia,2020-11,22966.0,-79.47134118,40.310315
876,Philadelphia,2020-12,26468.0,-79.76286561,41.40341259
877,Philadelphia,2021-01,15747.0,-79.76286561,41.40341259
878,Philadelphia,2021-02,8382.0,-76.77960568,40.41974636
879,Philadelphia,2021-03,12293.0,-79.76286561,41.40341259
880,Philadelphia,2021-04,16606.0,-79.76286561,41.40341259
881,Philadelphia,2021-05,5849.0,-79.76286561,41.40341259
882,Philadelphia,2021-06,1194.0,-77.98276609999999,40.416105
883,Philadelphia,2021-07,1712.0,-77.98276609999999,40.416105
884,Pike,2020-03,58.0,-76.5147922,41.448099400000004
885,Pike,2020-04,338.0,-76.77960568,40.41974636
886,Pike,2020-05,84.0,-76.22332385,40.70751243
887,Pike,2020-06,19.0,-77.25907385,40.40415317
888,Pike,2020-07,31.0,-75.34083603,41.06091787
889,Pike,2020-08,21.0,-78.11485045,39.92487511
890,Pike,2020-09,49.0,-79.76286561,41.40341259
891,Pike,2020-10,56.0,-79.76286561,41.40341259
892,Pike,2020-11,234.0,-79.76286561,41.40341259
893,Pike,2020-12,591.0,-76.77960568,40.41974636
894,Pike,2021-01,687.0,-79.76286561,41.40341259
895,Pike,2021-02,367.0,-79.76286561,41.40341259
896,Pike,2021-03,652.0,-76.77960568,40.41974636
897,Pike,2021-04,581.0,-79.76286561,41.40341259
898,Pike,2021-05,220.0,-79.27858158,41.81675237
899,Pike,2021-06,49.0,-79.76286561,41.40341259
900,Pike,2021-07,79.0,-79.00101814,41.13139091
901,Potter,2020-03,2.0,-79.47134118,40.310315
902,Potter,2020-04,2.0,-75.31263726,40.7545954
903,Potter,2020-05,0.0,-79.76286561,41.40341259
904,Potter,2020-06,11.0,-75.31263726,40.7545954
905,Potter,2020-07,6.0,-79.76286561,41.40341259
906,Potter,2020-08,4.0,-77.72398845,39.92786197
907,Potter,2020-09,6.0,-75.31263726,40.7545954
908,Potter,2020-10,31.0,-77.98276609999999,40.416105
909,Potter,2020-11,190.0,-79.76286561,41.40341259
910,Potter,2020-12,362.0,-79.76286561,41.40341259
911,Potter,2021-01,238.0,-77.25907385,40.40415317
912,Potter,2021-02,96.0,-79.47134118,40.310315
913,Potter,2021-03,38.0,-79.76286561,41.40341259
914,Potter,2021-04,93.0,-78.20916932,41.43880265
915,Potter,2021-05,104.0,-78.64947713,41.42819416
916,Potter,2021-06,39.0,-76.77960568,40.41974636
917,Potter,2021-07,13.0,-77.62003089,40.61274928
918,Schuylkill,2020-03,50.0,-77.25907385,40.40415317
919,Schuylkill,2020-04,327.0,-77.98276609999999,40.416105
920,Schuylkill,2020-05,261.0,-79.76286561,41.40341259
921,Schuylkill,2020-06,118.0,-79.76286561,41.40341259
922,Schuylkill,2020-07,144.0,-79.91711779,40.91083185
923,Schuylkill,2020-08,117.0,-75.16775600000001,39.346129
924,Schuylkill,2020-09,208.0,-76.46182575,40.367596999999996
925,Schuylkill,2020-10,1008.0,-75.31263726,40.7545954
926,Schuylkill,2020-11,1972.0,-77.06415803,40.96473131
927,Schuylkill,2020-12,3870.0,-77.62003089,40.61274928
928,Schuylkill,2021-01,3260.0,-79.76286561,41.40341259
929,Schuylkill,2021-02,746.0,-76.77960568,40.41974636
930,Schuylkill,2021-03,838.0,-78.49116474,40.00737536
931,Schuylkill,2021-04,1256.0,-76.77960568,40.41974636
932,Schuylkill,2021-05,577.0,-79.76286561,41.40341259
933,Schuylkill,2021-06,82.0,-77.62003089,40.61274928
934,Schuylkill,2021-07,74.0,-75.34083603,41.06091787
935,Snyder,2020-03,3.0,-79.76286561,41.40341259
936,Snyder,2020-04,34.0,-79.76286561,41.40341259
937,Snyder,2020-05,10.0,-79.76286561,41.40341259
938,Snyder,2020-06,22.0,-79.76286561,41.40341259
939,Snyder,2020-07,31.0,-79.76286561,41.40341259
940,Snyder,2020-08,73.0,-79.76286561,41.40341259
941,Snyder,2020-09,187.0,-75.34083603,41.06091787
942,Snyder,2020-10,171.0,-79.76286561,41.40341259
943,Snyder,2020-11,545.0,-79.76286561,41.40341259
944,Snyder,2020-12,917.0,-77.89879229,41.74420644
945,Snyder,2021-01,681.0,-79.98619843,40.46735543
946,Snyder,2021-02,452.0,-80.25180083,40.19109663
947,Snyder,2021-03,177.0,-77.98276609999999,40.416105
948,Snyder,2021-04,221.0,-75.31263726,40.7545954
949,Snyder,2021-05,129.0,-76.22332385,40.70751243
950,Snyder,2021-06,27.0,-75.34083603,41.06091787
951,Snyder,2021-07,21.0,-75.16775600000001,39.346129
952,Somerset,2020-03,4.0,-75.31263726,40.7545954
953,Somerset,2020-04,24.0,-79.76286561,41.40341259
954,Somerset,2020-05,12.0,-77.405775,40.53433008
955,Somerset,2020-06,24.0,-79.47134118,40.310315
956,Somerset,2020-07,66.0,-76.77960568,40.41974636
957,Somerset,2020-08,45.0,-75.34083603,41.06091787
958,Somerset,2020-09,61.0,-76.77960568,40.41974636
959,Somerset,2020-10,253.0,-76.22332385,40.70751243
960,Somerset,2020-11,1503.0,-79.76286561,41.40341259
961,Somerset,2020-12,2974.0,-79.76286561,41.40341259
962,Somerset,2021-01,1382.0,-79.91711779,40.91083185
963,Somerset,2021-02,321.0,-76.77960568,40.41974636
964,Somerset,2021-03,304.0,-75.40627712,39.91657867
965,Somerset,2021-04,611.0,-78.47558343,41.000429
966,Somerset,2021-05,418.0,-76.01813003,41.51892488
967,Somerset,2021-06,73.0,-76.22332385,40.70751243
968,Somerset,2021-07,48.0,-79.76286561,41.40341259
969,Sullivan,2020-03,0.0,-76.22332385,40.70751243
970,Sullivan,2020-04,2.0,-76.77960568,40.41974636
971,Sullivan,2020-05,2.0,-79.76286561,41.40341259
972,Sullivan,2020-06,3.0,-79.76286561,41.40341259
973,Sullivan,2020-07,6.0,-79.76286561,41.40341259
974,Sullivan,2020-08,0.0,-79.76286561,41.40341259
975,Sullivan,2020-09,3.0,-79.47316899,40.81509526
976,Sullivan,2020-10,7.0,-76.77960568,40.41974636
977,Sullivan,2020-11,49.0,-76.22332385,40.70751243
978,Sullivan,2020-12,83.0,-79.76286561,41.40341259
979,Sullivan,2021-01,128.0,-76.22332385,40.70751243
980,Sullivan,2021-02,29.0,-75.34083603,41.06091787
981,Sullivan,2021-03,35.0,-75.34083603,41.06091787
982,Sullivan,2021-04,63.0,-75.31263726,40.7545954
983,Sullivan,2021-05,24.0,-79.76286561,41.40341259
984,Sullivan,2021-06,8.0,-76.22332385,40.70751243
985,Sullivan,2021-07,2.0,-80.25180083,40.19109663
986,Susquehanna,2020-03,2.0,-76.22332385,40.70751243
987,Susquehanna,2020-04,78.0,-79.00101814,41.13139091
988,Susquehanna,2020-05,31.0,-77.72398845,39.92786197
989,Susquehanna,2020-06,74.0,-77.72398845,39.92786197
990,Susquehanna,2020-07,25.0,-75.75626498,39.97487056
991,Susquehanna,2020-08,65.0,-75.40627712,39.91657867
992,Susquehanna,2020-09,31.0,-79.23780995,41.51357876
993,Susquehanna,2020-10,124.0,-79.76286561,41.40341259
994,Susquehanna,2020-11,213.0,-80.22943817,39.85480393
995,Susquehanna,2020-12,415.0,-75.31263726,40.7545954
996,Susquehanna,2021-01,465.0,-76.22332385,40.70751243
997,Susquehanna,2021-02,179.0,-75.31263726,40.7545954
998,Susquehanna,2021-03,314.0,-75.31263726,40.7545954
999,Susquehanna,2021-04,447.0,-79.76286561,41.40341259
1000,Susquehanna,2021-05,165.0,-79.00101814,41.13139091
1001,Susquehanna,2021-06,29.0,-76.77960568,40.41974636
1002,Susquehanna,2021-07,25.0,-78.47558343,41.000429
1003,Tioga,2020-03,2.0,-79.91711779,40.91083185
1004,Tioga,2020-04,14.0,-79.76286561,41.40341259
1005,Tioga,2020-05,1.0,-76.22332385,40.70751243
1006,Tioga,2020-06,10.0,-76.22332385,40.70751243
1007,Tioga,2020-07,11.0,-75.31263726,40.7545954
1008,Tioga,2020-08,16.0,-76.77960568,40.41974636
1009,Tioga,2020-09,36.0,-79.47134118,40.310315
1010,Tioga,2020-10,180.0,-75.31263726,40.7545954
1011,Tioga,2020-11,806.0,-79.76286561,41.40341259
1012,Tioga,2020-12,900.0,-79.76286561,41.40341259
1013,Tioga,2021-01,347.0,-75.31263726,40.7545954
1014,Tioga,2021-02,147.0,-75.16775600000001,39.346129
1015,Tioga,2021-03,158.0,-79.76286561,41.40341259
1016,Tioga,2021-04,243.0,-75.31263726,40.7545954
1017,Tioga,2021-05,182.0,-75.31263726,40.7545954
1018,Tioga,2021-06,75.0,-76.22332385,40.70751243
1019,Tioga,2021-07,15.0,-79.76286561,41.40341259
1020,Union,2020-03,1.0,-79.76286561,41.40341259
1021,Union,2020-04,28.0,-77.06942457,41.34459792
1022,Union,2020-05,29.0,-79.76286561,41.40341259
1023,Union,2020-06,36.0,-79.76286561,41.40341259
1024,Union,2020-07,76.0,-78.64947713,41.42819416
1025,Union,2020-08,224.0,-77.72398845,39.92786197
1026,Union,2020-09,105.0,-75.40627712,39.91657867
1027,Union,2020-10,276.0,-76.71188423,40.85150926
1028,Union,2020-11,967.0,-79.91711779,40.91083185
1029,Union,2020-12,1127.0,-80.25180083,40.19109663
1030,Union,2021-01,1087.0,-79.00101814,41.13139091
1031,Union,2021-02,1234.0,-78.20916932,41.43880265
1032,Union,2021-03,257.0,-78.49116474,40.00737536
1033,Union,2021-04,491.0,-79.76286561,41.40341259
1034,Union,2021-05,191.0,-79.76286561,41.40341259
1035,Union,2021-06,30.0,-78.34907687,40.48555024
1036,Union,2021-07,26.0,-78.49116474,40.00737536
1037,Venango,2020-03,3.0,-79.47134118,40.310315
1038,Venango,2020-04,5.0,-75.34083603,41.06091787
1039,Venango,2020-05,4.0,-79.76286561,41.40341259
1040,Venango,2020-06,10.0,-77.62003089,40.61274928
1041,Venango,2020-07,47.0,-75.34083603,41.06091787
1042,Venango,2020-08,11.0,-75.16775600000001,39.346129
1043,Venango,2020-09,27.0,-76.71188423,40.85150926
1044,Venango,2020-10,212.0,-79.76286561,41.40341259
1045,Venango,2020-11,725.0,-75.31263726,40.7545954
1046,Venango,2020-12,1414.0,-79.76286561,41.40341259
1047,Venango,2021-01,703.0,-76.22332385,40.70751243
1048,Venango,2021-02,256.0,-76.22332385,40.70751243
1049,Venango,2021-03,155.0,-75.16775600000001,39.346129
1050,Venango,2021-04,206.0,-79.91711779,40.91083185
1051,Venango,2021-05,284.0,-77.06942457,41.34459792
1052,Venango,2021-06,42.0,-75.31263726,40.7545954
1053,Venango,2021-07,29.0,-77.62003089,40.61274928
1054,Warren,2020-03,1.0,-75.34083603,41.06091787
1055,Warren,2020-04,0.0,-75.03270924,41.332572
1056,Warren,2020-05,2.0,-75.16775600000001,39.346129
1057,Warren,2020-06,4.0,-77.25907385,40.40415317
1058,Warren,2020-07,7.0,-77.25907385,40.40415317
1059,Warren,2020-08,16.0,-75.16775600000001,39.346129
1060,Warren,2020-09,16.0,-75.31263726,40.7545954
1061,Warren,2020-10,30.0,-77.25907385,40.40415317
1062,Warren,2020-11,237.0,-76.77960568,40.41974636
1063,Warren,2020-12,1231.0,-79.76286561,41.40341259
1064,Warren,2021-01,488.0,-76.22332385,40.70751243
1065,Warren,2021-02,138.0,-79.76286561,41.40341259
1066,Warren,2021-03,118.0,-76.77960568,40.41974636
1067,Warren,2021-04,214.0,-79.76286561,41.40341259
1068,Warren,2021-05,119.0,-78.49116474,40.00737536
1069,Warren,2021-06,22.0,-79.09333493,40.65295497
1070,Warren,2021-07,16.0,-75.34083603,41.06091787
1071,Washington,2020-03,36.0,-79.76286561,41.40341259
1072,Washington,2020-04,89.0,-76.77960568,40.41974636
1073,Washington,2020-05,22.0,-75.40627712,39.91657867
1074,Washington,2020-06,91.0,-79.76286561,41.40341259
1075,Washington,2020-07,517.0,-79.76286561,41.40341259
1076,Washington,2020-08,324.0,-76.77960568,40.41974636
1077,Washington,2020-09,331.0,-75.31263726,40.7545954
1078,Washington,2020-10,771.0,-79.47134118,40.310315
1079,Washington,2020-11,2600.0,-76.22332385,40.70751243
1080,Washington,2020-12,4433.0,-76.77960568,40.41974636
1081,Washington,2021-01,3467.0,-76.22332385,40.70751243
1082,Washington,2021-02,1085.0,-79.76286561,41.40341259
1083,Washington,2021-03,1421.0,-78.5712202,41.81037074
1084,Washington,2021-04,1787.0,-79.76286561,41.40341259
1085,Washington,2021-05,823.0,-79.76286561,41.40341259
1086,Washington,2021-06,136.0,-79.76286561,41.40341259
1087,Washington,2021-07,180.0,-79.09333493,40.65295497
1088,Wayne,2020-03,12.0,-79.76286561,41.40341259
1089,Wayne,2020-04,82.0,-79.00101814,41.13139091
1090,Wayne,2020-05,27.0,-77.62003089,40.61274928
1091,Wayne,2020-06,17.0,-76.22332385,40.70751243
1092,Wayne,2020-07,20.0,-79.65189635,39.91944779999999
1093,Wayne,2020-08,23.0,-76.22332385,40.70751243
1094,Wayne,2020-09,70.0,-75.34083603,41.06091787
1095,Wayne,2020-10,51.0,-79.47316899,40.81509526
1096,Wayne,2020-11,293.0,-76.77960568,40.41974636
1097,Wayne,2020-12,1306.0,-79.76286561,41.40341259
1098,Wayne,2021-01,834.0,-78.11485045,39.92487511
1099,Wayne,2021-02,345.0,-75.31263726,40.7545954
1100,Wayne,2021-03,315.0,-79.76286561,41.40341259
1101,Wayne,2021-04,495.0,-75.31263726,40.7545954
1102,Wayne,2021-05,211.0,-76.77960568,40.41974636
1103,Wayne,2021-06,48.0,-79.91711779,40.91083185
1104,Wayne,2021-07,45.0,-79.76286561,41.40341259
1105,Westmoreland,2020-03,72.0,-77.06415803,40.96473131
1106,Westmoreland,2020-04,324.0,-76.77960568,40.41974636
1107,Westmoreland,2020-05,62.0,-77.06415803,40.96473131
1108,Westmoreland,2020-06,230.0,-75.31263726,40.7545954
1109,Westmoreland,2020-07,761.0,-79.76286561,41.40341259
1110,Westmoreland,2020-08,399.0,-75.80250303,41.8205686
1111,Westmoreland,2020-09,506.0,-75.71107039,40.91936701
1112,Westmoreland,2020-10,2249.0,-79.09333493,40.65295497
1113,Westmoreland,2020-11,4950.0,-79.09333493,40.65295497
1114,Westmoreland,2020-12,10113.0,-79.76286561,41.40341259
1115,Westmoreland,2021-01,5250.0,-79.76286561,41.40341259
1116,Westmoreland,2021-02,1940.0,-79.76286561,41.40341259
1117,Westmoreland,2021-03,2490.0,-79.47134118,40.310315
1118,Westmoreland,2021-04,3444.0,-77.25907385,40.40415317
1119,Westmoreland,2021-05,1403.0,-79.76286561,41.40341259
1120,Westmoreland,2021-06,238.0,-76.22332385,40.70751243
1121,Westmoreland,2021-07,257.0,-79.76286561,41.40341259
1122,Wyoming,2020-03,0.0,-76.77960568,40.41974636
1123,Wyoming,2020-04,22.0,-77.06415803,40.96473131
1124,Wyoming,2020-05,14.0,-79.76286561,41.40341259
1125,Wyoming,2020-06,5.0,-75.34083603,41.06091787
1126,Wyoming,2020-07,19.0,-78.64947713,41.42819416
1127,Wyoming,2020-08,11.0,-79.76286561,41.40341259
1128,Wyoming,2020-09,15.0,-79.23780995,41.51357876
1129,Wyoming,2020-10,95.0,-79.76286561,41.40341259
1130,Wyoming,2020-11,305.0,-75.31263726,40.7545954
1131,Wyoming,2020-12,340.0,-79.76286561,41.40341259
1132,Wyoming,2021-01,241.0,-77.06415803,40.96473131
1133,Wyoming,2021-02,107.0,-79.91711779,40.91083185
1134,Wyoming,2021-03,270.0,-79.76286561,41.40341259
1135,Wyoming,2021-04,392.0,-75.71107039,40.91936701
1136,Wyoming,2021-05,139.0,-75.75626498,39.97487056
1137,Wyoming,2021-06,21.0,-79.98619843,40.46735543
1138,Wyoming,2021-07,29.0,-75.34083603,41.06091787
1139,York,2020-03,80.0,-79.91711779,40.91083185
1140,York,2020-04,579.0,-75.71107039,40.91936701
1141,York,2020-05,365.0,-78.64947713,41.42819416
1142,York,2020-06,504.0,-76.22332385,40.70751243
1143,York,2020-07,783.0,-78.49116474,40.00737536
1144,York,2020-08,1162.0,-77.405775,40.53433008
1145,York,2020-09,1545.0,-79.76286561,41.40341259
1146,York,2020-10,1819.0,-78.71894174,40.49127491
1147,York,2020-11,4599.0,-76.77960568,40.41974636
1148,York,2020-12,12248.0,-75.31263726,40.7545954
1149,York,2021-01,8677.0,-79.76286561,41.40341259
1150,York,2021-02,3622.0,-76.77960568,40.41974636
1151,York,2021-03,3823.0,-79.76286561,41.40341259
1152,York,2021-04,4675.0,-78.49116474,40.00737536
1153,York,2021-05,2123.0,-79.76286561,41.40341259
1154,York,2021-06,429.0,-75.34083603,41.06091787
1155,York,2021-07,413.0,-79.76286561,41.40341259