Areaname,Periodyear,Timeperiod,Laborforce,Emplab,Unemp,Unemprate
Adams,2019,"January, 2019",55200,53400,1800,3.3
Allegheny,2019,"January, 2019",649000,622500,26600,4.1
Armstrong,2019,"January, 2019",32000,30500,1500,4.8
Beaver,2019,"January, 2019",83900,80200,3800,4.5
Bedford,2019,"January, 2019",23600,22500,1100,4.5
Berks,2019,"January, 2019",214600,205600,9000,4.2
Blair,2019,"January, 2019",59300,56800,2500,4.1
Bradford,2019,"January, 2019",29000,27700,1300,4.4
Bucks,2019,"January, 2019",344000,330800,13200,3.8
Butler,2019,"January, 2019",100000,96100,3800,3.8
Cambria,2019,"January, 2019",58000,55000,3000,5.1
Cameron,2019,"January, 2019",2100,2000,100,5.2
Carbon,2019,"January, 2019",32000,30300,1700,5.3
Centre,2019,"January, 2019",80300,77600,2600,3.3
Chester,2019,"January, 2019",286400,277200,9200,3.2
Clarion,2019,"January, 2019",17200,16400,800,4.8
Clearfield,2019,"January, 2019",36000,34100,1800,5.1
Clinton,2019,"January, 2019",18500,17400,1000,5.6
Columbia,2019,"January, 2019",33400,31900,1600,4.7
Crawford,2019,"January, 2019",38700,36900,1800,4.7
Cumberland,2019,"January, 2019",132000,127600,4400,3.4
Dauphin,2019,"January, 2019",143800,138100,5700,4.0
Delaware,2019,"January, 2019",299100,286700,12300,4.1
Elk,2019,"January, 2019",15900,15200,600,4.0
Erie,2019,"January, 2019",129500,123500,5900,4.6
Fayette,2019,"January, 2019",56900,53500,3300,5.9
Forest,2019,"January, 2019",1800,1700,100,6.8
Franklin,2019,"January, 2019",77500,74600,2800,3.7
Fulton,2019,"January, 2019",7800,7500,300,3.9
Greene,2019,"January, 2019",16600,15800,800,4.8
Huntingdon,2019,"January, 2019",20000,18800,1200,5.9
Indiana,2019,"January, 2019",39000,37100,1900,4.9
Jefferson,2019,"January, 2019",20600,19700,900,4.5
Juniata,2019,"January, 2019",12400,11900,600,4.4
Lackawanna,2019,"January, 2019",104900,99700,5200,5.0
Lancaster,2019,"January, 2019",284100,274500,9600,3.4
Lawrence,2019,"January, 2019",40900,38800,2100,5.1
Lebanon,2019,"January, 2019",71800,69000,2800,3.9
Lehigh,2019,"January, 2019",193200,184300,8900,4.6
Luzerne,2019,"January, 2019",157700,148700,9000,5.7
Lycoming,2019,"January, 2019",57200,54400,2800,4.8
McKean,2019,"January, 2019",17200,16400,900,5.1
Mercer,2019,"January, 2019",49500,47200,2300,4.7
Mifflin,2019,"January, 2019",20900,19900,1000,4.6
Monroe,2019,"January, 2019",83000,78600,4400,5.3
Montgomery,2019,"January, 2019",455800,439700,16000,3.5
Montour,2019,"January, 2019",9200,8800,300,3.7
Northampton,2019,"January, 2019",161400,154200,7300,4.5
Northumberland,2019,"January, 2019",43500,41000,2500,5.6
Perry,2019,"January, 2019",24400,23500,900,3.6
Philadelphia,2019,"January, 2019",720500,678600,42000,5.8
Pike,2019,"January, 2019",25200,23800,1400,5.6
Potter,2019,"January, 2019",7200,6700,400,6.0
Schuylkill,2019,"January, 2019",66200,62600,3600,5.4
Snyder,2019,"January, 2019",20200,19300,900,4.3
Somerset,2019,"January, 2019",33500,31800,1700,5.0
Sullivan,2019,"January, 2019",2700,2500,100,5.2
Susquehanna,2019,"January, 2019",20500,19600,900,4.2
Tioga,2019,"January, 2019",18900,17900,1000,5.4
Union,2019,"January, 2019",20100,19300,800,3.8
Venango,2019,"January, 2019",22500,21500,1000,4.7
Warren,2019,"January, 2019",19100,18200,900,4.8
Washington,2019,"January, 2019",106900,102300,4700,4.4
Wayne,2019,"January, 2019",22400,21400,1100,4.7
Westmoreland,2019,"January, 2019",180700,172800,8000,4.4
Wyoming,2019,"January, 2019",13500,12900,700,4.9
York,2019,"January, 2019",235900,226900,9000,3.8
Adams,2019,"February, 2019",55200,53400,1800,3.2
Allegheny,2019,"February, 2019",648600,622400,26200,4.0
Armstrong,2019,"February, 2019",32000,30500,1500,4.8
Beaver,2019,"February, 2019",83900,80200,3700,4.4
Bedford,2019,"February, 2019",23400,22300,1100,4.7
Berks,2019,"February, 2019",214800,205800,9000,4.2
Blair,2019,"February, 2019",59300,56900,2500,4.1
Bradford,2019,"February, 2019",28800,27600,1200,4.2
Bucks,2019,"February, 2019",343700,330600,13000,3.8
Butler,2019,"February, 2019",99900,96100,3700,3.7
Cambria,2019,"February, 2019",58000,55000,2900,5.1
Cameron,2019,"February, 2019",2100,2000,100,5.4
Carbon,2019,"February, 2019",32100,30400,1700,5.2
Centre,2019,"February, 2019",80200,77600,2600,3.3
Chester,2019,"February, 2019",286100,277000,9100,3.2
Clarion,2019,"February, 2019",17100,16200,800,4.9
Clearfield,2019,"February, 2019",35800,34000,1800,5.0
Clinton,2019,"February, 2019",18400,17400,1000,5.5
Columbia,2019,"February, 2019",33400,31800,1600,4.7
Crawford,2019,"February, 2019",38600,36800,1800,4.6
Cumberland,2019,"February, 2019",132200,127900,4400,3.3
Dauphin,2019,"February, 2019",144000,138400,5600,3.9
Delaware,2019,"February, 2019",298900,286900,11900,4.0
Elk,2019,"February, 2019",15800,15100,600,3.9
Erie,2019,"February, 2019",129300,123500,5800,4.5
Fayette,2019,"February, 2019",56900,53500,3400,6.0
Forest,2019,"February, 2019",1800,1700,100,6.7
Franklin,2019,"February, 2019",77400,74500,2800,3.7
Fulton,2019,"February, 2019",7800,7500,300,4.1
Greene,2019,"February, 2019",16600,15800,800,4.8
Huntingdon,2019,"February, 2019",19800,18700,1100,5.6
Indiana,2019,"February, 2019",38900,37100,1900,4.8
Jefferson,2019,"February, 2019",20600,19700,900,4.5
Juniata,2019,"February, 2019",12500,11900,600,4.5
Lackawanna,2019,"February, 2019",104800,99700,5100,4.8
Lancaster,2019,"February, 2019",283800,274200,9600,3.4
Lawrence,2019,"February, 2019",40800,38700,2000,5.0
Lebanon,2019,"February, 2019",71800,69000,2800,3.8
Lehigh,2019,"February, 2019",193000,184400,8700,4.5
Luzerne,2019,"February, 2019",157700,148800,8900,5.6
Lycoming,2019,"February, 2019",57100,54300,2700,4.8
McKean,2019,"February, 2019",17200,16400,800,4.9
Mercer,2019,"February, 2019",49300,47000,2300,4.7
Mifflin,2019,"February, 2019",20900,19900,900,4.5
Monroe,2019,"February, 2019",83100,78800,4400,5.3
Montgomery,2019,"February, 2019",455700,439800,15800,3.5
Montour,2019,"February, 2019",9100,8800,300,3.6
Northampton,2019,"February, 2019",161400,154200,7200,4.4
Northumberland,2019,"February, 2019",43300,40900,2400,5.6
Perry,2019,"February, 2019",24400,23500,900,3.7
Philadelphia,2019,"February, 2019",718800,679400,39300,5.5
Pike,2019,"February, 2019",25200,23800,1400,5.5
Potter,2019,"February, 2019",7200,6700,400,5.7
Schuylkill,2019,"February, 2019",66300,62700,3600,5.4
Snyder,2019,"February, 2019",20100,19300,900,4.3
Somerset,2019,"February, 2019",33500,31800,1700,5.1
Sullivan,2019,"February, 2019",2700,2500,100,4.5
Susquehanna,2019,"February, 2019",20400,19500,900,4.3
Tioga,2019,"February, 2019",18800,17800,1000,5.3
Union,2019,"February, 2019",19900,19100,700,3.7
Venango,2019,"February, 2019",22500,21500,1100,4.7
Warren,2019,"February, 2019",19000,18100,900,4.7
Washington,2019,"February, 2019",106900,102200,4700,4.4
Wayne,2019,"February, 2019",22400,21400,1000,4.6
Westmoreland,2019,"February, 2019",180700,172700,8000,4.4
Wyoming,2019,"February, 2019",13500,12900,600,4.8
York,2019,"February, 2019",235600,226700,9000,3.8
Adams,2019,"March, 2019",55200,53400,1800,3.2
Allegheny,2019,"March, 2019",648900,622200,26800,4.1
Armstrong,2019,"March, 2019",32000,30400,1500,4.8
Beaver,2019,"March, 2019",83800,80100,3700,4.4
Bedford,2019,"March, 2019",23400,22300,1100,4.6
Berks,2019,"March, 2019",215000,205900,9100,4.2
Blair,2019,"March, 2019",59300,56900,2500,4.2
Bradford,2019,"March, 2019",28700,27500,1200,4.3
Bucks,2019,"March, 2019",343500,330200,13200,3.9
Butler,2019,"March, 2019",99800,96000,3800,3.8
Cambria,2019,"March, 2019",58000,55000,3000,5.1
Cameron,2019,"March, 2019",2100,2000,100,5.7
Carbon,2019,"March, 2019",32200,30400,1800,5.5
Centre,2019,"March, 2019",80100,77400,2600,3.3
Chester,2019,"March, 2019",285200,276100,9100,3.2
Clarion,2019,"March, 2019",17000,16200,800,4.9
Clearfield,2019,"March, 2019",35900,34100,1800,5.0
Clinton,2019,"March, 2019",18300,17400,1000,5.3
Columbia,2019,"March, 2019",33400,31900,1500,4.6
Crawford,2019,"March, 2019",38500,36700,1800,4.7
Cumberland,2019,"March, 2019",132100,127700,4400,3.3
Dauphin,2019,"March, 2019",143900,138300,5700,3.9
Delaware,2019,"March, 2019",299000,286900,12100,4.0
Elk,2019,"March, 2019",15700,15100,700,4.2
Erie,2019,"March, 2019",129000,123300,5700,4.4
Fayette,2019,"March, 2019",56700,53400,3300,5.8
Forest,2019,"March, 2019",1800,1700,100,6.8
Franklin,2019,"March, 2019",77300,74400,2900,3.7
Fulton,2019,"March, 2019",7700,7400,300,4.3
Greene,2019,"March, 2019",16700,15800,800,4.9
Huntingdon,2019,"March, 2019",19900,18800,1200,5.8
Indiana,2019,"March, 2019",39000,37100,1900,4.8
Jefferson,2019,"March, 2019",20500,19600,900,4.5
Juniata,2019,"March, 2019",12400,11900,500,4.4
Lackawanna,2019,"March, 2019",104900,99800,5100,4.9
Lancaster,2019,"March, 2019",283500,273900,9600,3.4
Lawrence,2019,"March, 2019",40800,38700,2100,5.1
Lebanon,2019,"March, 2019",71900,69100,2700,3.8
Lehigh,2019,"March, 2019",193200,184300,8900,4.6
Luzerne,2019,"March, 2019",157800,148900,8900,5.6
Lycoming,2019,"March, 2019",56900,54200,2700,4.8
McKean,2019,"March, 2019",17300,16400,900,5.0
Mercer,2019,"March, 2019",49100,46800,2300,4.7
Mifflin,2019,"March, 2019",20900,19900,1000,4.6
Monroe,2019,"March, 2019",83200,78800,4400,5.3
Montgomery,2019,"March, 2019",455900,439700,16200,3.5
Montour,2019,"March, 2019",9200,8800,300,3.6
Northampton,2019,"March, 2019",161400,154200,7200,4.5
Northumberland,2019,"March, 2019",43200,40800,2400,5.6
Perry,2019,"March, 2019",24300,23400,900,3.6
Philadelphia,2019,"March, 2019",721700,681300,40400,5.6
Pike,2019,"March, 2019",25300,23900,1400,5.5
Potter,2019,"March, 2019",7200,6800,400,5.8
Schuylkill,2019,"March, 2019",66300,62700,3600,5.4
Snyder,2019,"March, 2019",20100,19200,800,4.2
Somerset,2019,"March, 2019",33700,31900,1700,5.2
Sullivan,2019,"March, 2019",2700,2500,100,4.8
Susquehanna,2019,"March, 2019",20400,19500,900,4.3
Tioga,2019,"March, 2019",18800,17800,1000,5.3
Union,2019,"March, 2019",19800,19100,800,3.9
Venango,2019,"March, 2019",22500,21400,1100,4.8
Warren,2019,"March, 2019",19000,18200,900,4.6
Washington,2019,"March, 2019",107000,102200,4800,4.5
Wayne,2019,"March, 2019",22500,21500,1100,4.7
Westmoreland,2019,"March, 2019",180700,172600,8100,4.5
Wyoming,2019,"March, 2019",13500,12800,600,4.7
York,2019,"March, 2019",235200,226300,8900,3.8
Adams,2019,"April, 2019",55200,53500,1800,3.2
Allegheny,2019,"April, 2019",647600,621300,26300,4.1
Armstrong,2019,"April, 2019",31900,30400,1500,4.8
Beaver,2019,"April, 2019",83500,79900,3600,4.3
Bedford,2019,"April, 2019",23400,22300,1000,4.5
Berks,2019,"April, 2019",215200,206000,9200,4.3
Blair,2019,"April, 2019",59400,56900,2600,4.3
Bradford,2019,"April, 2019",28600,27400,1200,4.2
Bucks,2019,"April, 2019",342200,329400,12900,3.8
Butler,2019,"April, 2019",99500,95800,3700,3.7
Cambria,2019,"April, 2019",58000,55000,3000,5.2
Cameron,2019,"April, 2019",2100,2000,100,5.3
Carbon,2019,"April, 2019",32000,30300,1700,5.2
Centre,2019,"April, 2019",79900,77200,2600,3.3
Chester,2019,"April, 2019",285100,276300,8800,3.1
Clarion,2019,"April, 2019",17000,16200,800,4.7
Clearfield,2019,"April, 2019",35800,34100,1700,4.8
Clinton,2019,"April, 2019",18200,17300,900,5.1
Columbia,2019,"April, 2019",33300,31800,1500,4.6
Crawford,2019,"April, 2019",38500,36700,1700,4.5
Cumberland,2019,"April, 2019",131900,127600,4300,3.2
Dauphin,2019,"April, 2019",143700,138100,5600,3.9
Delaware,2019,"April, 2019",298000,286200,11700,3.9
Elk,2019,"April, 2019",15600,15000,600,4.1
Erie,2019,"April, 2019",128800,123100,5700,4.4
Fayette,2019,"April, 2019",56600,53400,3300,5.8
Forest,2019,"April, 2019",1800,1700,100,6.4
Franklin,2019,"April, 2019",77300,74400,2900,3.7
Fulton,2019,"April, 2019",7800,7400,300,4.2
Greene,2019,"April, 2019",16600,15800,800,5.0
Huntingdon,2019,"April, 2019",19800,18700,1100,5.5
Indiana,2019,"April, 2019",38800,37000,1900,4.8
Jefferson,2019,"April, 2019",20400,19500,900,4.5
Juniata,2019,"April, 2019",12400,11900,500,4.2
Lackawanna,2019,"April, 2019",104700,99700,5000,4.7
Lancaster,2019,"April, 2019",283500,273800,9700,3.4
Lawrence,2019,"April, 2019",40600,38700,2000,4.9
Lebanon,2019,"April, 2019",72000,69300,2700,3.8
Lehigh,2019,"April, 2019",192400,183800,8700,4.5
Luzerne,2019,"April, 2019",157400,148900,8600,5.4
Lycoming,2019,"April, 2019",56800,54100,2700,4.7
McKean,2019,"April, 2019",17300,16500,800,4.7
Mercer,2019,"April, 2019",48900,46600,2300,4.6
Mifflin,2019,"April, 2019",20900,20000,900,4.4
Monroe,2019,"April, 2019",83300,78900,4400,5.3
Montgomery,2019,"April, 2019",454500,438800,15700,3.5
Montour,2019,"April, 2019",9100,8800,300,3.5
Northampton,2019,"April, 2019",160700,153700,7000,4.4
Northumberland,2019,"April, 2019",42900,40600,2300,5.4
Perry,2019,"April, 2019",24300,23500,900,3.5
Philadelphia,2019,"April, 2019",720900,681100,39800,5.5
Pike,2019,"April, 2019",25300,23900,1400,5.4
Potter,2019,"April, 2019",7200,6800,400,5.4
Schuylkill,2019,"April, 2019",66200,62600,3600,5.4
Snyder,2019,"April, 2019",20000,19200,800,3.8
Somerset,2019,"April, 2019",33400,31800,1600,4.9
Sullivan,2019,"April, 2019",2600,2500,100,4.8
Susquehanna,2019,"April, 2019",20400,19600,900,4.2
Tioga,2019,"April, 2019",18800,17800,900,4.9
Union,2019,"April, 2019",19500,18800,700,3.6
Venango,2019,"April, 2019",22400,21400,1000,4.5
Warren,2019,"April, 2019",18900,18100,800,4.2
Washington,2019,"April, 2019",106800,102100,4700,4.4
Wayne,2019,"April, 2019",22400,21300,1000,4.6
Westmoreland,2019,"April, 2019",180200,172300,7900,4.4
Wyoming,2019,"April, 2019",13400,12800,600,4.6
York,2019,"April, 2019",234800,225900,8900,3.8
Adams,2019,"May, 2019",55300,53500,1800,3.2
Allegheny,2019,"May, 2019",646200,619800,26400,4.1
Armstrong,2019,"May, 2019",32000,30400,1600,5.0
Beaver,2019,"May, 2019",83400,79700,3700,4.5
Bedford,2019,"May, 2019",23500,22400,1100,4.6
Berks,2019,"May, 2019",215500,206100,9300,4.3
Blair,2019,"May, 2019",59500,56900,2700,4.5
Bradford,2019,"May, 2019",28800,27600,1200,4.1
Bucks,2019,"May, 2019",343400,330200,13200,3.8
Butler,2019,"May, 2019",99700,95800,3900,3.9
Cambria,2019,"May, 2019",58000,54900,3100,5.3
Cameron,2019,"May, 2019",2100,2000,100,5.5
Carbon,2019,"May, 2019",32000,30300,1700,5.3
Centre,2019,"May, 2019",79700,77000,2700,3.3
Chester,2019,"May, 2019",286800,277400,9300,3.3
Clarion,2019,"May, 2019",16900,16000,800,4.8
Clearfield,2019,"May, 2019",35800,34000,1800,5.1
Clinton,2019,"May, 2019",18200,17200,1000,5.6
Columbia,2019,"May, 2019",33100,31400,1700,5.1
Crawford,2019,"May, 2019",38600,36800,1800,4.6
Cumberland,2019,"May, 2019",131900,127500,4400,3.3
Dauphin,2019,"May, 2019",143600,137800,5800,4.0
Delaware,2019,"May, 2019",297700,285700,12100,4.1
Elk,2019,"May, 2019",15600,14900,700,4.6
Erie,2019,"May, 2019",128600,122900,5700,4.4
Fayette,2019,"May, 2019",56500,53300,3200,5.7
Forest,2019,"May, 2019",1800,1700,100,6.1
Franklin,2019,"May, 2019",77400,74500,2900,3.8
Fulton,2019,"May, 2019",7900,7500,300,4.4
Greene,2019,"May, 2019",16700,15800,800,5.1
Huntingdon,2019,"May, 2019",19900,18800,1100,5.6
Indiana,2019,"May, 2019",38900,37000,1900,4.9
Jefferson,2019,"May, 2019",20500,19500,1000,4.7
Juniata,2019,"May, 2019",12600,12000,600,4.4
Lackawanna,2019,"May, 2019",104600,99400,5200,5.0
Lancaster,2019,"May, 2019",283900,274000,9800,3.5
Lawrence,2019,"May, 2019",40600,38500,2100,5.1
Lebanon,2019,"May, 2019",72200,69400,2800,3.8
Lehigh,2019,"May, 2019",192800,183900,8900,4.6
Luzerne,2019,"May, 2019",157500,148400,9000,5.7
Lycoming,2019,"May, 2019",56800,54100,2700,4.7
McKean,2019,"May, 2019",17300,16400,800,4.9
Mercer,2019,"May, 2019",48800,46400,2400,4.9
Mifflin,2019,"May, 2019",21000,20100,1000,4.7
Monroe,2019,"May, 2019",83300,78800,4500,5.4
Montgomery,2019,"May, 2019",454400,438300,16100,3.5
Montour,2019,"May, 2019",9000,8700,300,3.6
Northampton,2019,"May, 2019",161100,153800,7300,4.5
Northumberland,2019,"May, 2019",43200,40800,2400,5.6
Perry,2019,"May, 2019",24400,23500,900,3.6
Philadelphia,2019,"May, 2019",721900,681300,40600,5.6
Pike,2019,"May, 2019",25300,23900,1400,5.4
Potter,2019,"May, 2019",7300,6900,400,5.5
Schuylkill,2019,"May, 2019",66300,62700,3600,5.4
Snyder,2019,"May, 2019",20500,19200,1400,6.7
Somerset,2019,"May, 2019",33500,31700,1800,5.2
Sullivan,2019,"May, 2019",2700,2500,100,4.9
Susquehanna,2019,"May, 2019",20600,19700,900,4.3
Tioga,2019,"May, 2019",18900,17900,1000,5.1
Union,2019,"May, 2019",20100,19200,900,4.3
Venango,2019,"May, 2019",22400,21300,1100,4.8
Warren,2019,"May, 2019",18900,18100,800,4.4
Washington,2019,"May, 2019",106600,101900,4700,4.4
Wayne,2019,"May, 2019",22400,21300,1100,4.8
Westmoreland,2019,"May, 2019",180000,172000,8000,4.5
Wyoming,2019,"May, 2019",13500,12800,700,5.0
York,2019,"May, 2019",234600,225700,8900,3.8
Adams,2019,"June, 2019",55300,53500,1800,3.3
Allegheny,2019,"June, 2019",649500,623000,26500,4.1
Armstrong,2019,"June, 2019",32000,30500,1500,4.8
Beaver,2019,"June, 2019",83800,80100,3600,4.4
Bedford,2019,"June, 2019",23500,22400,1100,4.5
Berks,2019,"June, 2019",215800,206300,9500,4.4
Blair,2019,"June, 2019",59700,56900,2800,4.6
Bradford,2019,"June, 2019",28800,27600,1200,4.2
Bucks,2019,"June, 2019",344100,331000,13000,3.8
Butler,2019,"June, 2019",99900,96100,3800,3.8
Cambria,2019,"June, 2019",58000,54900,3100,5.4
Cameron,2019,"June, 2019",2100,2000,100,5.0
Carbon,2019,"June, 2019",32000,30300,1700,5.3
Centre,2019,"June, 2019",79600,76900,2700,3.4
Chester,2019,"June, 2019",286800,277900,9000,3.1
Clarion,2019,"June, 2019",17200,16400,800,4.6
Clearfield,2019,"June, 2019",35800,34000,1800,5.1
Clinton,2019,"June, 2019",18300,17300,1000,5.3
Columbia,2019,"June, 2019",33300,31700,1600,4.8
Crawford,2019,"June, 2019",38500,36800,1800,4.6
Cumberland,2019,"June, 2019",132600,128100,4400,3.3
Dauphin,2019,"June, 2019",144300,138500,5800,4.0
Delaware,2019,"June, 2019",298900,286800,12000,4.0
Elk,2019,"June, 2019",15600,14900,700,4.5
Erie,2019,"June, 2019",128600,122800,5800,4.5
Fayette,2019,"June, 2019",56800,53500,3300,5.8
Forest,2019,"June, 2019",1800,1700,100,7.1
Franklin,2019,"June, 2019",77600,74600,3000,3.8
Fulton,2019,"June, 2019",7900,7600,300,4.2
Greene,2019,"June, 2019",16600,15800,800,5.0
Huntingdon,2019,"June, 2019",20000,18900,1100,5.4
Indiana,2019,"June, 2019",39000,37100,1900,4.9
Jefferson,2019,"June, 2019",20500,19600,900,4.5
Juniata,2019,"June, 2019",12700,12200,500,4.3
Lackawanna,2019,"June, 2019",104700,99600,5100,4.9
Lancaster,2019,"June, 2019",284600,274600,10000,3.5
Lawrence,2019,"June, 2019",40600,38500,2000,5.0
Lebanon,2019,"June, 2019",72400,69600,2800,3.9
Lehigh,2019,"June, 2019",193100,184300,8700,4.5
Luzerne,2019,"June, 2019",157600,148700,8900,5.6
Lycoming,2019,"June, 2019",56800,54200,2700,4.7
McKean,2019,"June, 2019",17300,16400,900,4.9
Mercer,2019,"June, 2019",48900,46500,2300,4.7
Mifflin,2019,"June, 2019",21100,20100,1000,4.7
Monroe,2019,"June, 2019",83300,78800,4500,5.4
Montgomery,2019,"June, 2019",456000,440100,15900,3.5
Montour,2019,"June, 2019",9100,8800,300,3.5
Northampton,2019,"June, 2019",161300,154100,7200,4.4
Northumberland,2019,"June, 2019",43100,40700,2400,5.6
Perry,2019,"June, 2019",24400,23500,900,3.7
Philadelphia,2019,"June, 2019",723900,683100,40800,5.6
Pike,2019,"June, 2019",25400,24000,1400,5.4
Potter,2019,"June, 2019",7200,6900,400,5.2
Schuylkill,2019,"June, 2019",66400,62900,3500,5.3
Snyder,2019,"June, 2019",20100,18700,1400,6.7
Somerset,2019,"June, 2019",33600,31900,1700,5.2
Sullivan,2019,"June, 2019",2700,2500,100,5.0
Susquehanna,2019,"June, 2019",20600,19700,900,4.2
Tioga,2019,"June, 2019",19100,18200,1000,5.1
Union,2019,"June, 2019",19600,18800,800,4.1
Venango,2019,"June, 2019",22400,21300,1100,4.7
Warren,2019,"June, 2019",18800,18000,800,4.2
Washington,2019,"June, 2019",107100,102400,4700,4.4
Wayne,2019,"June, 2019",22400,21300,1100,4.9
Westmoreland,2019,"June, 2019",180900,172800,8100,4.5
Wyoming,2019,"June, 2019",13500,12800,700,4.9
York,2019,"June, 2019",234800,225700,9000,3.8
Adams,2019,"July, 2019",55400,53600,1900,3.4
Allegheny,2019,"July, 2019",649700,622200,27500,4.2
Armstrong,2019,"July, 2019",32100,30500,1600,5.1
Beaver,2019,"July, 2019",83800,80000,3800,4.5
Bedford,2019,"July, 2019",23600,22500,1200,4.9
Berks,2019,"July, 2019",216100,206400,9700,4.5
Blair,2019,"July, 2019",59800,56900,2800,4.8
Bradford,2019,"July, 2019",28900,27700,1300,4.3
Bucks,2019,"July, 2019",345500,332000,13500,3.9
Butler,2019,"July, 2019",100000,96000,4000,4.0
Cambria,2019,"July, 2019",58000,54800,3200,5.5
Cameron,2019,"July, 2019",2100,2000,100,5.5
Carbon,2019,"July, 2019",32100,30400,1700,5.4
Centre,2019,"July, 2019",79600,76900,2700,3.4
Chester,2019,"July, 2019",288700,279200,9500,3.3
Clarion,2019,"July, 2019",17200,16400,800,4.9
Clearfield,2019,"July, 2019",36000,34100,1900,5.4
Clinton,2019,"July, 2019",18400,17400,1000,5.3
Columbia,2019,"July, 2019",33500,31900,1600,4.9
Crawford,2019,"July, 2019",38700,36800,1800,4.8
Cumberland,2019,"July, 2019",133200,128500,4700,3.5
Dauphin,2019,"July, 2019",144900,138800,6100,4.2
Delaware,2019,"July, 2019",299600,287200,12400,4.1
Elk,2019,"July, 2019",15600,14900,700,4.7
Erie,2019,"July, 2019",128700,122800,5900,4.6
Fayette,2019,"July, 2019",56900,53400,3400,6.0
Forest,2019,"July, 2019",1800,1700,100,6.8
Franklin,2019,"July, 2019",77800,74700,3000,3.9
Fulton,2019,"July, 2019",7900,7600,300,4.3
Greene,2019,"July, 2019",16600,15800,900,5.2
Huntingdon,2019,"July, 2019",19900,18800,1100,5.7
Indiana,2019,"July, 2019",39100,37100,2000,5.1
Jefferson,2019,"July, 2019",20600,19600,1000,4.8
Juniata,2019,"July, 2019",12700,12100,600,4.4
Lackawanna,2019,"July, 2019",105100,99900,5200,4.9
Lancaster,2019,"July, 2019",285600,275400,10200,3.6
Lawrence,2019,"July, 2019",40800,38700,2100,5.1
Lebanon,2019,"July, 2019",72700,69800,2900,3.9
Lehigh,2019,"July, 2019",193500,184700,8900,4.6
Luzerne,2019,"July, 2019",158300,149200,9100,5.8
Lycoming,2019,"July, 2019",56900,54200,2700,4.8
McKean,2019,"July, 2019",17300,16400,900,5.3
Mercer,2019,"July, 2019",49000,46600,2400,4.9
Mifflin,2019,"July, 2019",21100,20100,1000,4.8
Monroe,2019,"July, 2019",83400,78800,4600,5.5
Montgomery,2019,"July, 2019",457700,441100,16600,3.6
Montour,2019,"July, 2019",9200,8900,300,3.7
Northampton,2019,"July, 2019",161700,154400,7300,4.5
Northumberland,2019,"July, 2019",43200,40700,2500,5.7
Perry,2019,"July, 2019",24500,23600,900,3.8
Philadelphia,2019,"July, 2019",723300,682800,40500,5.6
Pike,2019,"July, 2019",25500,24000,1400,5.7
Potter,2019,"July, 2019",7300,6900,400,5.7
Schuylkill,2019,"July, 2019",66700,63000,3700,5.5
Snyder,2019,"July, 2019",20200,18800,1300,6.7
Somerset,2019,"July, 2019",33600,31700,1800,5.5
Sullivan,2019,"July, 2019",2600,2500,100,5.0
Susquehanna,2019,"July, 2019",20800,19900,900,4.2
Tioga,2019,"July, 2019",19200,18200,1000,5.2
Union,2019,"July, 2019",19700,18800,900,4.5
Venango,2019,"July, 2019",22300,21200,1100,4.9
Warren,2019,"July, 2019",19000,18200,800,4.4
Washington,2019,"July, 2019",107200,102300,4900,4.5
Wayne,2019,"July, 2019",23000,21900,1100,4.8
Westmoreland,2019,"July, 2019",180800,172600,8300,4.6
Wyoming,2019,"July, 2019",13600,12900,700,4.9
York,2019,"July, 2019",235300,226100,9200,3.9
Adams,2019,"August, 2019",55500,53600,1900,3.5
Allegheny,2019,"August, 2019",652100,624100,28000,4.3
Armstrong,2019,"August, 2019",32200,30600,1700,5.2
Beaver,2019,"August, 2019",84200,80300,3900,4.7
Bedford,2019,"August, 2019",23800,22600,1100,4.7
Berks,2019,"August, 2019",216400,206500,9900,4.6
Blair,2019,"August, 2019",59900,57000,2900,4.9
Bradford,2019,"August, 2019",28800,27600,1300,4.4
Bucks,2019,"August, 2019",346100,332500,13600,3.9
Butler,2019,"August, 2019",100300,96300,4000,4.0
Cambria,2019,"August, 2019",58000,54800,3200,5.6
Cameron,2019,"August, 2019",2100,2000,100,5.5
Carbon,2019,"August, 2019",32300,30500,1800,5.5
Centre,2019,"August, 2019",79800,77000,2800,3.5
Chester,2019,"August, 2019",289200,279900,9400,3.2
Clarion,2019,"August, 2019",17200,16400,800,4.8
Clearfield,2019,"August, 2019",36200,34200,2000,5.4
Clinton,2019,"August, 2019",18500,17600,1000,5.3
Columbia,2019,"August, 2019",33800,32200,1600,4.7
Crawford,2019,"August, 2019",38900,37000,1900,4.8
Cumberland,2019,"August, 2019",133600,129000,4700,3.5
Dauphin,2019,"August, 2019",145500,139300,6200,4.3
Delaware,2019,"August, 2019",300800,288300,12400,4.1
Elk,2019,"August, 2019",15600,14900,800,5.0
Erie,2019,"August, 2019",128900,122800,6000,4.7
Fayette,2019,"August, 2019",57100,53600,3500,6.1
Forest,2019,"August, 2019",1800,1700,100,7.0
Franklin,2019,"August, 2019",78000,74900,3100,4.0
Fulton,2019,"August, 2019",8000,7700,400,4.4
Greene,2019,"August, 2019",16600,15700,900,5.2
Huntingdon,2019,"August, 2019",20100,18900,1200,6.0
Indiana,2019,"August, 2019",39500,37500,2000,5.0
Jefferson,2019,"August, 2019",20600,19600,1000,4.8
Juniata,2019,"August, 2019",12800,12200,600,4.4
Lackawanna,2019,"August, 2019",105700,100500,5300,5.0
Lancaster,2019,"August, 2019",286500,276200,10300,3.6
Lawrence,2019,"August, 2019",40800,38700,2100,5.1
Lebanon,2019,"August, 2019",72900,69900,2900,4.0
Lehigh,2019,"August, 2019",194500,185600,8900,4.6
Luzerne,2019,"August, 2019",159600,150100,9400,5.9
Lycoming,2019,"August, 2019",57000,54200,2800,4.9
McKean,2019,"August, 2019",17400,16400,900,5.3
Mercer,2019,"August, 2019",49200,46800,2500,5.0
Mifflin,2019,"August, 2019",21400,20300,1100,5.1
Monroe,2019,"August, 2019",83500,78800,4600,5.6
Montgomery,2019,"August, 2019",458400,441700,16700,3.6
Montour,2019,"August, 2019",9200,8900,300,3.5
Northampton,2019,"August, 2019",162400,155100,7300,4.5
Northumberland,2019,"August, 2019",43300,40800,2500,5.7
Perry,2019,"August, 2019",24600,23700,1000,3.9
Philadelphia,2019,"August, 2019",726800,685700,41100,5.7
Pike,2019,"August, 2019",25500,24000,1500,5.8
Potter,2019,"August, 2019",7300,6800,400,5.9
Schuylkill,2019,"August, 2019",66700,63000,3700,5.5
Snyder,2019,"August, 2019",20200,18900,1300,6.6
Somerset,2019,"August, 2019",33600,31800,1800,5.4
Sullivan,2019,"August, 2019",2700,2500,100,5.4
Susquehanna,2019,"August, 2019",20800,19900,900,4.3
Tioga,2019,"August, 2019",19300,18300,1000,5.3
Union,2019,"August, 2019",20300,19500,800,4.0
Venango,2019,"August, 2019",22500,21500,1100,4.9
Warren,2019,"August, 2019",19000,18100,800,4.4
Washington,2019,"August, 2019",107500,102700,4900,4.5
Wayne,2019,"August, 2019",22900,21800,1100,4.8
Westmoreland,2019,"August, 2019",181400,173100,8200,4.5
Wyoming,2019,"August, 2019",13600,13000,600,4.7
York,2019,"August, 2019",236200,226700,9400,4.0
Adams,2019,"September, 2019",55600,53600,2000,3.5
Allegheny,2019,"September, 2019",652600,624600,28000,4.3
Armstrong,2019,"September, 2019",32200,30500,1700,5.3
Beaver,2019,"September, 2019",84300,80300,4000,4.7
Bedford,2019,"September, 2019",23600,22500,1200,4.9
Berks,2019,"September, 2019",216500,206500,10000,4.6
Blair,2019,"September, 2019",60000,57000,3000,4.9
Bradford,2019,"September, 2019",28700,27400,1300,4.5
Bucks,2019,"September, 2019",346800,333200,13700,3.9
Butler,2019,"September, 2019",100500,96500,4000,4.0
Cambria,2019,"September, 2019",58000,54700,3300,5.7
Cameron,2019,"September, 2019",2100,2000,100,5.7
Carbon,2019,"September, 2019",32300,30500,1800,5.6
Centre,2019,"September, 2019",80000,77100,2800,3.5
Chester,2019,"September, 2019",289700,280200,9500,3.3
Clarion,2019,"September, 2019",17100,16200,900,5.1
Clearfield,2019,"September, 2019",36100,34100,2000,5.6
Clinton,2019,"September, 2019",18300,17300,1000,5.7
Columbia,2019,"September, 2019",33600,32000,1700,4.9
Crawford,2019,"September, 2019",38700,36800,1900,4.9
Cumberland,2019,"September, 2019",133500,128800,4700,3.5
Dauphin,2019,"September, 2019",145300,139100,6200,4.3
Delaware,2019,"September, 2019",301600,288900,12700,4.2
Elk,2019,"September, 2019",15600,14800,800,5.2
Erie,2019,"September, 2019",129100,123000,6200,4.8
Fayette,2019,"September, 2019",57100,53600,3500,6.2
Forest,2019,"September, 2019",1800,1700,100,7.3
Franklin,2019,"September, 2019",78100,75000,3200,4.0
Fulton,2019,"September, 2019",8000,7600,300,4.4
Greene,2019,"September, 2019",16700,15800,900,5.4
Huntingdon,2019,"September, 2019",19900,18700,1200,6.2
Indiana,2019,"September, 2019",39200,37200,2000,5.2
Jefferson,2019,"September, 2019",20600,19600,1000,4.9
Juniata,2019,"September, 2019",12700,12100,600,4.6
Lackawanna,2019,"September, 2019",105500,100300,5200,5.0
Lancaster,2019,"September, 2019",287100,276700,10400,3.6
Lawrence,2019,"September, 2019",40700,38600,2100,5.2
Lebanon,2019,"September, 2019",72900,69900,3000,4.1
Lehigh,2019,"September, 2019",194400,185600,8800,4.5
Luzerne,2019,"September, 2019",159000,149800,9200,5.8
Lycoming,2019,"September, 2019",57100,54300,2900,5.0
McKean,2019,"September, 2019",17300,16300,1000,5.8
Mercer,2019,"September, 2019",49100,46600,2500,5.1
Mifflin,2019,"September, 2019",21200,20200,1000,4.7
Monroe,2019,"September, 2019",83600,78900,4700,5.6
Montgomery,2019,"September, 2019",459300,442800,16500,3.6
Montour,2019,"September, 2019",9200,8900,300,3.7
Northampton,2019,"September, 2019",162500,155100,7400,4.5
Northumberland,2019,"September, 2019",43100,40700,2400,5.6
Perry,2019,"September, 2019",24600,23600,1000,3.9
Philadelphia,2019,"September, 2019",727600,686900,40700,5.6
Pike,2019,"September, 2019",25500,24000,1500,5.8
Potter,2019,"September, 2019",7300,6800,400,6.1
Schuylkill,2019,"September, 2019",66800,63200,3700,5.5
Snyder,2019,"September, 2019",20100,18900,1200,5.9
Somerset,2019,"September, 2019",33600,31700,1900,5.7
Sullivan,2019,"September, 2019",2700,2500,100,5.6
Susquehanna,2019,"September, 2019",20600,19700,900,4.4
Tioga,2019,"September, 2019",19100,18100,1100,5.5
Union,2019,"September, 2019",20200,19300,900,4.3
Venango,2019,"September, 2019",22400,21200,1100,5.1
Warren,2019,"September, 2019",18900,18000,900,4.7
Washington,2019,"September, 2019",107700,102700,5000,4.6
Wayne,2019,"September, 2019",22300,21300,1100,4.8
Westmoreland,2019,"September, 2019",181500,173200,8300,4.6
Wyoming,2019,"September, 2019",13600,12900,700,5.0
York,2019,"September, 2019",237000,227400,9600,4.0
Adams,2019,"October, 2019",55600,53700,2000,3.5
Allegheny,2019,"October, 2019",652900,624000,28900,4.4
Armstrong,2019,"October, 2019",32300,30500,1800,5.7
Beaver,2019,"October, 2019",84400,80200,4200,5.0
Bedford,2019,"October, 2019",23600,22400,1200,5.1
Berks,2019,"October, 2019",216500,206400,10100,4.7
Blair,2019,"October, 2019",60000,57100,3000,4.9
Bradford,2019,"October, 2019",28800,27300,1400,5.0
Bucks,2019,"October, 2019",348000,333700,14300,4.1
Butler,2019,"October, 2019",100900,96500,4300,4.3
Cambria,2019,"October, 2019",57900,54600,3300,5.7
Cameron,2019,"October, 2019",2200,2000,200,9.1
Carbon,2019,"October, 2019",32500,30600,1900,5.8
Centre,2019,"October, 2019",80200,77300,2900,3.6
Chester,2019,"October, 2019",290300,280400,9900,3.4
Clarion,2019,"October, 2019",17100,16200,900,5.3
Clearfield,2019,"October, 2019",36200,34200,2000,5.6
Clinton,2019,"October, 2019",18300,17200,1100,5.8
Columbia,2019,"October, 2019",33700,32000,1700,5.1
Crawford,2019,"October, 2019",38800,36800,2000,5.1
Cumberland,2019,"October, 2019",133800,128800,5000,3.7
Dauphin,2019,"October, 2019",145600,139100,6400,4.4
Delaware,2019,"October, 2019",302400,289200,13200,4.4
Elk,2019,"October, 2019",15700,14700,1000,6.2
Erie,2019,"October, 2019",129400,123200,6300,4.8
Fayette,2019,"October, 2019",57200,53500,3700,6.5
Forest,2019,"October, 2019",1800,1700,100,7.6
Franklin,2019,"October, 2019",78300,75000,3200,4.1
Fulton,2019,"October, 2019",7900,7500,400,4.5
Greene,2019,"October, 2019",16700,15700,900,5.7
Huntingdon,2019,"October, 2019",20000,18700,1300,6.5
Indiana,2019,"October, 2019",39300,37100,2200,5.5
Jefferson,2019,"October, 2019",20700,19600,1100,5.1
Juniata,2019,"October, 2019",12700,12100,600,4.9
Lackawanna,2019,"October, 2019",106000,100500,5500,5.2
Lancaster,2019,"October, 2019",287500,277100,10400,3.6
Lawrence,2019,"October, 2019",40800,38600,2200,5.5
Lebanon,2019,"October, 2019",72900,69900,3000,4.2
Lehigh,2019,"October, 2019",195100,186000,9100,4.7
Luzerne,2019,"October, 2019",159700,150200,9600,6.0
Lycoming,2019,"October, 2019",57200,54300,2900,5.1
McKean,2019,"October, 2019",17500,16500,1100,6.1
Mercer,2019,"October, 2019",49100,46400,2700,5.5
Mifflin,2019,"October, 2019",21200,20100,1100,5.0
Monroe,2019,"October, 2019",83700,78900,4800,5.7
Montgomery,2019,"October, 2019",460900,443600,17300,3.8
Montour,2019,"October, 2019",9200,8900,400,3.8
Northampton,2019,"October, 2019",163100,155400,7700,4.7
Northumberland,2019,"October, 2019",43200,40600,2500,5.9
Perry,2019,"October, 2019",24700,23700,1000,4.1
Philadelphia,2019,"October, 2019",729800,688200,41600,5.7
Pike,2019,"October, 2019",25500,24000,1500,5.9
Potter,2019,"October, 2019",7300,6800,500,6.6
Schuylkill,2019,"October, 2019",66900,63000,3900,5.8
Snyder,2019,"October, 2019",20000,18800,1200,5.8
Somerset,2019,"October, 2019",33600,31600,2000,5.9
Sullivan,2019,"October, 2019",2700,2500,200,6.0
Susquehanna,2019,"October, 2019",20600,19700,1000,4.7
Tioga,2019,"October, 2019",19100,18000,1100,5.8
Union,2019,"October, 2019",20100,19200,900,4.3
Venango,2019,"October, 2019",22500,21200,1200,5.4
Warren,2019,"October, 2019",19000,18000,1000,5.0
Washington,2019,"October, 2019",108000,102600,5400,5.0
Wayne,2019,"October, 2019",22400,21300,1200,5.1
Westmoreland,2019,"October, 2019",181900,173100,8800,4.8
Wyoming,2019,"October, 2019",13700,13000,700,5.3
York,2019,"October, 2019",237600,227900,9700,4.1
Adams,2019,"November, 2019",55700,53700,1900,3.5
Allegheny,2019,"November, 2019",651700,622800,28900,4.4
Armstrong,2019,"November, 2019",32300,30400,1900,5.9
Beaver,2019,"November, 2019",84300,80000,4300,5.1
Bedford,2019,"November, 2019",23600,22400,1200,5.1
Berks,2019,"November, 2019",216400,206400,10000,4.6
Blair,2019,"November, 2019",60000,57100,2900,4.9
Bradford,2019,"November, 2019",28600,27200,1400,4.9
Bucks,2019,"November, 2019",347500,333100,14300,4.1
Butler,2019,"November, 2019",100700,96400,4400,4.3
Cambria,2019,"November, 2019",57800,54500,3300,5.8
Cameron,2019,"November, 2019",2100,1900,100,6.9
Carbon,2019,"November, 2019",32400,30500,1900,5.8
Centre,2019,"November, 2019",80400,77500,2900,3.6
Chester,2019,"November, 2019",289900,280100,9800,3.4
Clarion,2019,"November, 2019",17100,16100,900,5.5
Clearfield,2019,"November, 2019",36100,34000,2000,5.7
Clinton,2019,"November, 2019",18200,17100,1100,6.0
Columbia,2019,"November, 2019",33700,32000,1700,5.0
Crawford,2019,"November, 2019",38700,36700,2100,5.3
Cumberland,2019,"November, 2019",133600,128800,4800,3.6
Dauphin,2019,"November, 2019",145400,139100,6300,4.3
Delaware,2019,"November, 2019",302300,289100,13200,4.4
Elk,2019,"November, 2019",15600,14600,1000,6.3
Erie,2019,"November, 2019",129600,123300,6400,4.9
Fayette,2019,"November, 2019",57200,53400,3800,6.6
Forest,2019,"November, 2019",1800,1700,100,7.2
Franklin,2019,"November, 2019",78300,75000,3300,4.2
Fulton,2019,"November, 2019",7900,7500,400,4.8
Greene,2019,"November, 2019",16700,15700,1000,6.0
Huntingdon,2019,"November, 2019",19900,18600,1300,6.7
Indiana,2019,"November, 2019",39300,36900,2300,5.9
Jefferson,2019,"November, 2019",20600,19500,1100,5.3
Juniata,2019,"November, 2019",12700,12100,600,4.7
Lackawanna,2019,"November, 2019",106100,100500,5600,5.3
Lancaster,2019,"November, 2019",287800,277400,10400,3.6
Lawrence,2019,"November, 2019",40800,38500,2300,5.7
Lebanon,2019,"November, 2019",72800,69700,3100,4.2
Lehigh,2019,"November, 2019",194700,185700,9000,4.6
Luzerne,2019,"November, 2019",159900,150200,9700,6.1
Lycoming,2019,"November, 2019",57200,54200,3000,5.2
McKean,2019,"November, 2019",17500,16400,1100,6.3
Mercer,2019,"November, 2019",49000,46200,2700,5.6
Mifflin,2019,"November, 2019",21100,20100,1100,5.0
Monroe,2019,"November, 2019",83800,79000,4800,5.7
Montgomery,2019,"November, 2019",460200,443200,17100,3.7
Montour,2019,"November, 2019",9200,8900,400,3.8
Northampton,2019,"November, 2019",163000,155200,7800,4.8
Northumberland,2019,"November, 2019",43100,40500,2600,6.1
Perry,2019,"November, 2019",24700,23700,1000,4.1
Philadelphia,2019,"November, 2019",729900,688100,41800,5.7
Pike,2019,"November, 2019",25500,23900,1500,6.0
Potter,2019,"November, 2019",7300,6800,500,6.9
Schuylkill,2019,"November, 2019",67000,63200,3900,5.8
Snyder,2019,"November, 2019",19900,18800,1100,5.4
Somerset,2019,"November, 2019",33300,31300,2000,6.1
Sullivan,2019,"November, 2019",2600,2500,200,6.4
Susquehanna,2019,"November, 2019",20500,19500,1000,4.8
Tioga,2019,"November, 2019",19100,18000,1100,5.9
Union,2019,"November, 2019",20000,19200,900,4.3
Venango,2019,"November, 2019",22300,21100,1200,5.4
Warren,2019,"November, 2019",18900,18000,900,5.0
Washington,2019,"November, 2019",107700,102400,5300,4.9
Wayne,2019,"November, 2019",22400,21200,1100,5.0
Westmoreland,2019,"November, 2019",181600,172600,8900,4.9
Wyoming,2019,"November, 2019",13700,12900,700,5.4
York,2019,"November, 2019",237900,228200,9700,4.1
Adams,2019,"December, 2019",55700,53700,1900,3.5
Allegheny,2019,"December, 2019",651900,623700,28300,4.3
Armstrong,2019,"December, 2019",32400,30500,1900,6.0
Beaver,2019,"December, 2019",84500,80100,4300,5.1
Bedford,2019,"December, 2019",23800,22500,1300,5.6
Berks,2019,"December, 2019",216300,206400,9900,4.6
Blair,2019,"December, 2019",60000,57100,2900,4.8
Bradford,2019,"December, 2019",28700,27200,1400,5.0
Bucks,2019,"December, 2019",348300,334100,14200,4.1
Butler,2019,"December, 2019",101100,96700,4400,4.3
Cambria,2019,"December, 2019",57700,54400,3300,5.7
Cameron,2019,"December, 2019",2100,1900,200,8.0
Carbon,2019,"December, 2019",32600,30600,2000,6.1
Centre,2019,"December, 2019",80500,77600,2900,3.6
Chester,2019,"December, 2019",291000,281400,9700,3.3
Clarion,2019,"December, 2019",17100,16200,900,5.5
Clearfield,2019,"December, 2019",36200,34100,2100,5.9
Clinton,2019,"December, 2019",18200,17100,1100,5.9
Columbia,2019,"December, 2019",33900,32100,1800,5.2
Crawford,2019,"December, 2019",38700,36700,2000,5.2
Cumberland,2019,"December, 2019",134300,129500,4800,3.6
Dauphin,2019,"December, 2019",146000,139700,6300,4.3
Delaware,2019,"December, 2019",303400,290400,12900,4.3
Elk,2019,"December, 2019",15700,14600,1100,6.9
Erie,2019,"December, 2019",129800,123300,6500,5.0
Fayette,2019,"December, 2019",57300,53500,3800,6.7
Forest,2019,"December, 2019",1800,1700,100,7.8
Franklin,2019,"December, 2019",78400,75000,3400,4.4
Fulton,2019,"December, 2019",8000,7500,500,6.4
Greene,2019,"December, 2019",16600,15600,1000,5.9
Huntingdon,2019,"December, 2019",20100,18600,1500,7.4
Indiana,2019,"December, 2019",39300,36900,2300,5.9
Jefferson,2019,"December, 2019",20700,19500,1200,5.8
Juniata,2019,"December, 2019",12800,12200,600,4.9
Lackawanna,2019,"December, 2019",106000,100400,5600,5.3
Lancaster,2019,"December, 2019",288200,277800,10400,3.6
Lawrence,2019,"December, 2019",40900,38400,2400,6.0
Lebanon,2019,"December, 2019",72700,69600,3100,4.2
Lehigh,2019,"December, 2019",195800,186100,9700,5.0
Luzerne,2019,"December, 2019",159800,150100,9700,6.1
Lycoming,2019,"December, 2019",57000,54000,3000,5.2
McKean,2019,"December, 2019",17500,16400,1100,6.5
Mercer,2019,"December, 2019",49000,46300,2700,5.5
Mifflin,2019,"December, 2019",21200,20100,1000,5.0
Monroe,2019,"December, 2019",83800,79000,4800,5.7
Montgomery,2019,"December, 2019",461000,444300,16700,3.6
Montour,2019,"December, 2019",9300,8900,400,3.9
Northampton,2019,"December, 2019",163500,155500,8000,4.9
Northumberland,2019,"December, 2019",43300,40700,2700,6.2
Perry,2019,"December, 2019",24800,23800,1000,4.1
Philadelphia,2019,"December, 2019",732000,689900,42100,5.8
Pike,2019,"December, 2019",25500,23900,1600,6.1
Potter,2019,"December, 2019",7300,6800,500,7.1
Schuylkill,2019,"December, 2019",67300,63500,3900,5.8
Snyder,2019,"December, 2019",20100,18900,1200,6.1
Somerset,2019,"December, 2019",33300,31300,2000,6.0
Sullivan,2019,"December, 2019",2600,2500,200,6.7
Susquehanna,2019,"December, 2019",20500,19500,1000,4.9
Tioga,2019,"December, 2019",19200,18100,1200,6.0
Union,2019,"December, 2019",20100,19300,900,4.2
Venango,2019,"December, 2019",22300,21200,1200,5.3
Warren,2019,"December, 2019",18900,18000,1000,5.1
Washington,2019,"December, 2019",107900,102600,5300,4.9
Wayne,2019,"December, 2019",22500,21300,1200,5.2
Westmoreland,2019,"December, 2019",181800,172900,8900,4.9
Wyoming,2019,"December, 2019",13700,12900,700,5.4
York,2019,"December, 2019",238000,228300,9700,4.1
Adams,2020,"January, 2020",55700,53800,1900,3.4
Allegheny,2020,"January, 2020",649700,621800,28000,4.3
Armstrong,2020,"January, 2020",32300,30500,1900,5.7
Beaver,2020,"January, 2020",84300,80100,4200,5.0
Bedford,2020,"January, 2020",23600,22400,1200,5.0
Berks,2020,"January, 2020",216300,206500,9800,4.6
Blair,2020,"January, 2020",59900,57000,2800,4.7
Bradford,2020,"January, 2020",28500,27100,1400,4.9
Bucks,2020,"January, 2020",348800,334800,14000,4.0
Butler,2020,"January, 2020",100200,96100,4000,4.0
Cambria,2020,"January, 2020",57500,54200,3300,5.7
Cameron,2020,"January, 2020",2100,1900,100,7.1
Carbon,2020,"January, 2020",32400,30600,1800,5.5
Centre,2020,"January, 2020",80600,77700,2900,3.5
Chester,2020,"January, 2020",290400,280600,9700,3.3
Clarion,2020,"January, 2020",17300,16300,1000,5.6
Clearfield,2020,"January, 2020",36200,34100,2100,5.7
Clinton,2020,"January, 2020",18100,17100,1000,5.4
Columbia,2020,"January, 2020",33800,32100,1700,5.0
Crawford,2020,"January, 2020",38700,36800,2000,5.1
Cumberland,2020,"January, 2020",133800,129000,4800,3.6
Dauphin,2020,"January, 2020",145700,139600,6100,4.2
Delaware,2020,"January, 2020",302800,290000,12800,4.2
Elk,2020,"January, 2020",15600,14600,1000,6.5
Erie,2020,"January, 2020",129900,123200,6700,5.2
Fayette,2020,"January, 2020",57300,53500,3800,6.6
Forest,2020,"January, 2020",1800,1700,100,7.6
Franklin,2020,"January, 2020",77800,74800,3000,3.9
Fulton,2020,"January, 2020",7800,7400,400,5.5
Greene,2020,"January, 2020",16600,15700,1000,5.9
Huntingdon,2020,"January, 2020",20200,18900,1300,6.2
Indiana,2020,"January, 2020",39000,36800,2200,5.6
Jefferson,2020,"January, 2020",20400,19400,1100,5.3
Juniata,2020,"January, 2020",12600,12100,500,4.3
Lackawanna,2020,"January, 2020",106200,100700,5500,5.2
Lancaster,2020,"January, 2020",288900,278400,10500,3.6
Lawrence,2020,"January, 2020",40900,38400,2400,6.0
Lebanon,2020,"January, 2020",72600,69500,3100,4.3
Lehigh,2020,"January, 2020",194700,185800,8900,4.5
Luzerne,2020,"January, 2020",159400,150100,9300,5.9
Lycoming,2020,"January, 2020",56900,53900,3000,5.3
McKean,2020,"January, 2020",17500,16400,1100,6.3
Mercer,2020,"January, 2020",49000,46400,2500,5.2
Mifflin,2020,"January, 2020",21100,20100,1000,4.7
Monroe,2020,"January, 2020",83700,78900,4800,5.7
Montgomery,2020,"January, 2020",461600,445100,16500,3.6
Montour,2020,"January, 2020",9200,8900,300,3.6
Northampton,2020,"January, 2020",163000,155400,7500,4.6
Northumberland,2020,"January, 2020",43200,40600,2500,5.8
Perry,2020,"January, 2020",24700,23800,900,3.8
Philadelphia,2020,"January, 2020",732700,690300,42400,5.8
Pike,2020,"January, 2020",25500,24000,1500,6.0
Potter,2020,"January, 2020",7200,6700,500,7.3
Schuylkill,2020,"January, 2020",66800,63200,3600,5.4
Snyder,2020,"January, 2020",19800,18700,1000,5.3
Somerset,2020,"January, 2020",33300,31400,1900,5.6
Sullivan,2020,"January, 2020",2600,2500,200,6.4
Susquehanna,2020,"January, 2020",20400,19400,1000,4.8
Tioga,2020,"January, 2020",19100,18100,1000,5.5
Union,2020,"January, 2020",20000,19200,800,4.0
Venango,2020,"January, 2020",22400,21200,1200,5.4
Warren,2020,"January, 2020",18800,17800,1000,5.1
Washington,2020,"January, 2020",107400,102200,5200,4.8
Wayne,2020,"January, 2020",22400,21300,1100,5.1
Westmoreland,2020,"January, 2020",181300,172600,8600,4.8
Wyoming,2020,"January, 2020",13700,13000,700,5.1
York,2020,"January, 2020",238100,228300,9800,4.1
Adams,2020,"February, 2020",55700,53800,1900,3.5
Allegheny,2020,"February, 2020",649900,622100,27700,4.3
Armstrong,2020,"February, 2020",32400,30500,1900,5.8
Beaver,2020,"February, 2020",84500,80100,4400,5.2
Bedford,2020,"February, 2020",23800,22500,1300,5.3
Berks,2020,"February, 2020",216500,206700,9800,4.5
Blair,2020,"February, 2020",59700,57000,2800,4.7
Bradford,2020,"February, 2020",28500,27100,1400,4.9
Bucks,2020,"February, 2020",348900,334700,14200,4.1
Butler,2020,"February, 2020",100500,96300,4200,4.2
Cambria,2020,"February, 2020",57300,54000,3300,5.7
Cameron,2020,"February, 2020",2100,1900,100,6.8
Carbon,2020,"February, 2020",32400,30600,1800,5.5
Centre,2020,"February, 2020",80700,77900,2800,3.5
Chester,2020,"February, 2020",290600,281100,9500,3.3
Clarion,2020,"February, 2020",17200,16200,900,5.3
Clearfield,2020,"February, 2020",36000,33900,2100,5.8
Clinton,2020,"February, 2020",18100,17000,1100,5.9
Columbia,2020,"February, 2020",33700,32100,1600,4.8
Crawford,2020,"February, 2020",38900,36900,2000,5.2
Cumberland,2020,"February, 2020",133600,128900,4800,3.6
Dauphin,2020,"February, 2020",145500,139400,6100,4.2
Delaware,2020,"February, 2020",303000,290200,12800,4.2
Elk,2020,"February, 2020",15600,14600,1000,6.3
Erie,2020,"February, 2020",130100,123100,7000,5.4
Fayette,2020,"February, 2020",57300,53500,3800,6.6
Forest,2020,"February, 2020",1800,1700,100,7.7
Franklin,2020,"February, 2020",77900,74500,3300,4.3
Fulton,2020,"February, 2020",7800,7300,500,6.5
Greene,2020,"February, 2020",16600,15600,1000,5.9
Huntingdon,2020,"February, 2020",20100,18800,1400,6.8
Indiana,2020,"February, 2020",38800,36600,2200,5.6
Jefferson,2020,"February, 2020",20300,19200,1100,5.3
Juniata,2020,"February, 2020",12700,12200,600,4.4
Lackawanna,2020,"February, 2020",105900,100400,5500,5.2
Lancaster,2020,"February, 2020",289900,279200,10700,3.7
Lawrence,2020,"February, 2020",41000,38400,2600,6.2
Lebanon,2020,"February, 2020",72400,69300,3200,4.4
Lehigh,2020,"February, 2020",194800,186000,8800,4.5
Luzerne,2020,"February, 2020",159200,149800,9400,5.9
Lycoming,2020,"February, 2020",56700,53700,3000,5.3
McKean,2020,"February, 2020",17500,16300,1100,6.5
Mercer,2020,"February, 2020",48900,46200,2600,5.4
Mifflin,2020,"February, 2020",21100,20100,1000,4.9
Monroe,2020,"February, 2020",83600,78800,4800,5.7
Montgomery,2020,"February, 2020",461900,445400,16500,3.6
Montour,2020,"February, 2020",9200,8900,300,3.5
Northampton,2020,"February, 2020",163000,155500,7400,4.6
Northumberland,2020,"February, 2020",43100,40600,2500,5.8
Perry,2020,"February, 2020",24800,23800,1000,4.1
Philadelphia,2020,"February, 2020",734400,691800,42600,5.8
Pike,2020,"February, 2020",25500,24000,1500,5.9
Potter,2020,"February, 2020",7200,6700,500,7.1
Schuylkill,2020,"February, 2020",66800,63200,3600,5.5
Snyder,2020,"February, 2020",19700,18800,1000,5.1
Somerset,2020,"February, 2020",33200,31400,1800,5.5
Sullivan,2020,"February, 2020",2600,2500,100,5.6
Susquehanna,2020,"February, 2020",20400,19400,1000,4.8
Tioga,2020,"February, 2020",19200,18000,1100,5.9
Union,2020,"February, 2020",20100,19300,800,4.0
Venango,2020,"February, 2020",22500,21200,1300,5.9
Warren,2020,"February, 2020",18800,17800,1000,5.4
Washington,2020,"February, 2020",107600,102300,5300,4.9
Wayne,2020,"February, 2020",22500,21300,1200,5.2
Westmoreland,2020,"February, 2020",181700,172700,8900,4.9
Wyoming,2020,"February, 2020",13700,13000,700,5.1
York,2020,"February, 2020",238300,228300,10000,4.2
Adams,2020,"March, 2020",55600,53700,2000,3.5
Allegheny,2020,"March, 2020",647900,614600,33300,5.1
Armstrong,2020,"March, 2020",32400,30100,2200,6.9
Beaver,2020,"March, 2020",84200,79100,5100,6.0
Bedford,2020,"March, 2020",23700,22300,1400,5.9
Berks,2020,"March, 2020",215400,203900,11600,5.4
Blair,2020,"March, 2020",60100,56900,3200,5.4
Bradford,2020,"March, 2020",28400,26800,1500,5.4
Bucks,2020,"March, 2020",345500,329500,16000,4.6
Butler,2020,"March, 2020",99900,94900,5000,5.0
Cambria,2020,"March, 2020",57700,53800,3900,6.8
Cameron,2020,"March, 2020",2000,1900,200,8.2
Carbon,2020,"March, 2020",32300,30200,2100,6.5
Centre,2020,"March, 2020",79300,76000,3300,4.2
Chester,2020,"March, 2020",287800,276700,11000,3.8
Clarion,2020,"March, 2020",17200,16100,1100,6.2
Clearfield,2020,"March, 2020",35900,33500,2300,6.5
Clinton,2020,"March, 2020",18000,16700,1200,6.9
Columbia,2020,"March, 2020",33800,31900,1900,5.7
Crawford,2020,"March, 2020",38700,36400,2300,6.0
Cumberland,2020,"March, 2020",133100,127700,5400,4.0
Dauphin,2020,"March, 2020",145300,138200,7100,4.9
Delaware,2020,"March, 2020",300600,285900,14700,4.9
Elk,2020,"March, 2020",15600,14400,1100,7.2
Erie,2020,"March, 2020",130400,122900,7500,5.7
Fayette,2020,"March, 2020",57400,52800,4600,8.0
Forest,2020,"March, 2020",1800,1600,200,8.5
Franklin,2020,"March, 2020",77800,74200,3600,4.6
Fulton,2020,"March, 2020",7700,7200,500,6.2
Greene,2020,"March, 2020",16600,15400,1200,7.2
Huntingdon,2020,"March, 2020",20000,18500,1500,7.5
Indiana,2020,"March, 2020",38700,36200,2500,6.4
Jefferson,2020,"March, 2020",20300,19100,1200,6.0
Juniata,2020,"March, 2020",12700,12100,600,5.1
Lackawanna,2020,"March, 2020",105800,99600,6200,5.9
Lancaster,2020,"March, 2020",286500,275400,11000,3.9
Lawrence,2020,"March, 2020",40900,37900,3000,7.3
Lebanon,2020,"March, 2020",72200,69000,3300,4.5
Lehigh,2020,"March, 2020",193800,183200,10600,5.5
Luzerne,2020,"March, 2020",159500,148500,11000,6.9
Lycoming,2020,"March, 2020",57200,53600,3600,6.3
McKean,2020,"March, 2020",17400,16100,1300,7.4
Mercer,2020,"March, 2020",48600,45600,3000,6.2
Mifflin,2020,"March, 2020",21100,19900,1200,5.8
Monroe,2020,"March, 2020",84100,78600,5600,6.6
Montgomery,2020,"March, 2020",458500,438900,19500,4.3
Montour,2020,"March, 2020",9200,8800,400,4.4
Northampton,2020,"March, 2020",161800,153200,8600,5.3
Northumberland,2020,"March, 2020",43000,40100,3000,6.9
Perry,2020,"March, 2020",24600,23500,1100,4.3
Philadelphia,2020,"March, 2020",735600,685100,50500,6.9
Pike,2020,"March, 2020",25500,23800,1700,6.8
Potter,2020,"March, 2020",7200,6600,600,8.4
Schuylkill,2020,"March, 2020",66700,62500,4100,6.2
Snyder,2020,"March, 2020",19500,18300,1100,5.9
Somerset,2020,"March, 2020",33300,31000,2300,6.8
Sullivan,2020,"March, 2020",2600,2400,200,6.9
Susquehanna,2020,"March, 2020",20300,19200,1100,5.3
Tioga,2020,"March, 2020",19200,17900,1300,6.8
Union,2020,"March, 2020",19800,18900,900,4.6
Venango,2020,"March, 2020",22400,20900,1500,6.6
Warren,2020,"March, 2020",18700,17500,1200,6.2
Washington,2020,"March, 2020",107400,101000,6400,6.0
Wayne,2020,"March, 2020",22500,21100,1400,6.1
Westmoreland,2020,"March, 2020",180800,170500,10300,5.7
Wyoming,2020,"March, 2020",13700,12800,800,5.9
York,2020,"March, 2020",235600,225100,10400,4.4
Adams,2020,"April, 2020",51100,43100,8000,15.6
Allegheny,2020,"April, 2020",623900,522400,101500,16.3
Armstrong,2020,"April, 2020",31200,25700,5600,17.8
Beaver,2020,"April, 2020",82800,67300,15600,18.8
Bedford,2020,"April, 2020",23400,19200,4200,18.0
Berks,2020,"April, 2020",207500,169200,38200,18.4
Blair,2020,"April, 2020",58500,47900,10600,18.2
Bradford,2020,"April, 2020",27600,24100,3600,12.9
Bucks,2020,"April, 2020",332800,281200,51500,15.5
Butler,2020,"April, 2020",96000,80800,15200,15.9
Cambria,2020,"April, 2020",55900,45600,10300,18.4
Cameron,2020,"April, 2020",1900,1400,500,27.9
Carbon,2020,"April, 2020",31600,25600,6100,19.3
Centre,2020,"April, 2020",74300,66300,8100,10.8
Chester,2020,"April, 2020",270000,237800,32200,11.9
Clarion,2020,"April, 2020",16700,13800,2900,17.2
Clearfield,2020,"April, 2020",35900,29700,6200,17.4
Clinton,2020,"April, 2020",17300,14600,2800,16.0
Columbia,2020,"April, 2020",33100,27700,5300,16.1
Crawford,2020,"April, 2020",38400,32100,6200,16.3
Cumberland,2020,"April, 2020",128500,112400,16100,12.5
Dauphin,2020,"April, 2020",143300,121400,21900,15.3
Delaware,2020,"April, 2020",288100,243400,44700,15.5
Elk,2020,"April, 2020",15400,11200,4100,27.0
Erie,2020,"April, 2020",124100,102300,21700,17.5
Fayette,2020,"April, 2020",56700,45000,11700,20.7
Forest,2020,"April, 2020",1900,1500,300,17.9
Franklin,2020,"April, 2020",76000,65900,10200,13.4
Fulton,2020,"April, 2020",7600,6200,1400,18.6
Greene,2020,"April, 2020",15900,13600,2300,14.6
Huntingdon,2020,"April, 2020",19500,16000,3500,17.8
Indiana,2020,"April, 2020",37100,31100,6000,16.2
Jefferson,2020,"April, 2020",20200,16800,3400,16.8
Juniata,2020,"April, 2020",12200,10000,2300,18.4
Lackawanna,2020,"April, 2020",102600,84500,18100,17.6
Lancaster,2020,"April, 2020",274600,233000,41600,15.2
Lawrence,2020,"April, 2020",40000,32500,7500,18.7
Lebanon,2020,"April, 2020",70100,59800,10300,14.7
Lehigh,2020,"April, 2020",187300,154600,32600,17.4
Luzerne,2020,"April, 2020",155500,126100,29400,18.9
Lycoming,2020,"April, 2020",55900,46700,9100,16.4
McKean,2020,"April, 2020",17000,13900,3200,18.6
Mercer,2020,"April, 2020",47600,39000,8600,18.1
Mifflin,2020,"April, 2020",21300,17800,3400,16.1
Monroe,2020,"April, 2020",80000,62700,17300,21.6
Montgomery,2020,"April, 2020",435900,374600,61300,14.1
Montour,2020,"April, 2020",8700,7700,1000,11.9
Northampton,2020,"April, 2020",155300,129300,26000,16.7
Northumberland,2020,"April, 2020",41800,34500,7300,17.5
Perry,2020,"April, 2020",24100,20800,3300,13.6
Philadelphia,2020,"April, 2020",726200,594200,132000,18.2
Pike,2020,"April, 2020",25800,21000,4900,18.8
Potter,2020,"April, 2020",7200,6100,1000,14.7
Schuylkill,2020,"April, 2020",67000,55900,11200,16.6
Snyder,2020,"April, 2020",18500,15000,3500,18.9
Somerset,2020,"April, 2020",32700,26800,5900,18.0
Sullivan,2020,"April, 2020",2500,2100,400,15.3
Susquehanna,2020,"April, 2020",19100,16600,2500,13.2
Tioga,2020,"April, 2020",18600,15900,2700,14.6
Union,2020,"April, 2020",18800,16200,2600,13.9
Venango,2020,"April, 2020",21700,18400,3400,15.6
Warren,2020,"April, 2020",18300,15900,2400,13.2
Washington,2020,"April, 2020",104200,86000,18200,17.5
Wayne,2020,"April, 2020",22200,18200,4000,18.0
Westmoreland,2020,"April, 2020",176600,145200,31400,17.8
Wyoming,2020,"April, 2020",13000,11000,2000,15.7
York,2020,"April, 2020",227400,190900,36400,16.0
Adams,2020,"May, 2020",52600,45900,6700,12.7
Allegheny,2020,"May, 2020",636600,548200,88400,13.9
Armstrong,2020,"May, 2020",31500,27000,4500,14.3
Beaver,2020,"May, 2020",83600,70600,13100,15.6
Bedford,2020,"May, 2020",23700,20400,3300,14.0
Berks,2020,"May, 2020",212400,180700,31700,14.9
Blair,2020,"May, 2020",59600,51200,8400,14.1
Bradford,2020,"May, 2020",28300,25200,3100,10.8
Bucks,2020,"May, 2020",339400,294300,45100,13.3
Butler,2020,"May, 2020",97100,85000,12100,12.5
Cambria,2020,"May, 2020",56800,48600,8200,14.5
Cameron,2020,"May, 2020",2000,1600,500,22.2
Carbon,2020,"May, 2020",31700,26900,4800,15.2
Centre,2020,"May, 2020",76900,70200,6600,8.6
Chester,2020,"May, 2020",277700,249000,28700,10.3
Clarion,2020,"May, 2020",16600,14600,2000,12.1
Clearfield,2020,"May, 2020",36000,31100,4900,13.5
Clinton,2020,"May, 2020",17800,15600,2200,12.2
Columbia,2020,"May, 2020",33300,29100,4200,12.7
Crawford,2020,"May, 2020",38300,33200,5200,13.5
Cumberland,2020,"May, 2020",130700,116800,13800,10.6
Dauphin,2020,"May, 2020",146300,126000,20300,13.9
Delaware,2020,"May, 2020",293700,252600,41100,14.0
Elk,2020,"May, 2020",15500,12300,3200,20.9
Erie,2020,"May, 2020",126000,107800,18200,14.4
Fayette,2020,"May, 2020",57100,47200,9900,17.3
Forest,2020,"May, 2020",1800,1600,300,14.3
Franklin,2020,"May, 2020",78300,69000,9400,11.9
Fulton,2020,"May, 2020",7800,6400,1400,17.7
Greene,2020,"May, 2020",15900,13600,2300,14.2
Huntingdon,2020,"May, 2020",19900,17000,2900,14.6
Indiana,2020,"May, 2020",37600,32500,5100,13.6
Jefferson,2020,"May, 2020",20300,17700,2600,12.9
Juniata,2020,"May, 2020",12700,11500,1200,9.4
Lackawanna,2020,"May, 2020",104600,88900,15700,15.0
Lancaster,2020,"May, 2020",281500,246500,35000,12.4
Lawrence,2020,"May, 2020",40500,34500,6000,14.8
Lebanon,2020,"May, 2020",72400,63400,9000,12.4
Lehigh,2020,"May, 2020",191700,163100,28600,14.9
Luzerne,2020,"May, 2020",159200,132800,26400,16.6
Lycoming,2020,"May, 2020",55600,48600,7000,12.6
McKean,2020,"May, 2020",17300,14600,2700,15.5
Mercer,2020,"May, 2020",48100,41100,7000,14.6
Mifflin,2020,"May, 2020",21300,18800,2500,11.7
Monroe,2020,"May, 2020",80900,65400,15400,19.1
Montgomery,2020,"May, 2020",444200,390100,54100,12.2
Montour,2020,"May, 2020",8900,8100,800,9.4
Northampton,2020,"May, 2020",158700,136400,22300,14.1
Northumberland,2020,"May, 2020",42000,36300,5700,13.7
Perry,2020,"May, 2020",24200,21700,2600,10.6
Philadelphia,2020,"May, 2020",738400,609700,128700,17.4
Pike,2020,"May, 2020",25600,21500,4100,16.0
Potter,2020,"May, 2020",7300,6400,900,12.2
Schuylkill,2020,"May, 2020",67300,58200,9200,13.6
Snyder,2020,"May, 2020",19200,17100,2100,11.0
Somerset,2020,"May, 2020",32800,28200,4600,14.0
Sullivan,2020,"May, 2020",2500,2200,300,11.6
Susquehanna,2020,"May, 2020",19700,17600,2100,10.6
Tioga,2020,"May, 2020",18800,16500,2300,12.2
Union,2020,"May, 2020",18800,16800,1900,10.3
Venango,2020,"May, 2020",22200,19400,2800,12.5
Warren,2020,"May, 2020",18600,16600,2100,11.2
Washington,2020,"May, 2020",105600,90300,15300,14.5
Wayne,2020,"May, 2020",22500,19500,3100,13.6
Westmoreland,2020,"May, 2020",178400,152400,26000,14.5
Wyoming,2020,"May, 2020",13200,11500,1600,12.4
York,2020,"May, 2020",233500,202500,30900,13.2
Adams,2020,"June, 2020",53300,47900,5400,10.1
Allegheny,2020,"June, 2020",640800,561500,79300,12.4
Armstrong,2020,"June, 2020",31300,27500,3800,12.3
Beaver,2020,"June, 2020",84200,72200,12000,14.3
Bedford,2020,"June, 2020",23200,20400,2800,12.1
Berks,2020,"June, 2020",212400,183200,29200,13.7
Blair,2020,"June, 2020",59000,52200,6900,11.6
Bradford,2020,"June, 2020",27900,25200,2700,9.8
Bucks,2020,"June, 2020",339000,295200,43800,12.9
Butler,2020,"June, 2020",96700,86500,10100,10.5
Cambria,2020,"June, 2020",56500,49700,6800,12.0
Cameron,2020,"June, 2020",2000,1700,300,16.1
Carbon,2020,"June, 2020",31100,26900,4200,13.6
Centre,2020,"June, 2020",76400,70300,6000,7.9
Chester,2020,"June, 2020",274500,247100,27400,10.0
Clarion,2020,"June, 2020",16800,15100,1700,10.0
Clearfield,2020,"June, 2020",35700,31500,4200,11.7
Clinton,2020,"June, 2020",17800,15900,1900,10.8
Columbia,2020,"June, 2020",33400,29900,3500,10.4
Crawford,2020,"June, 2020",38200,33800,4400,11.5
Cumberland,2020,"June, 2020",128700,116100,12600,9.8
Dauphin,2020,"June, 2020",144700,125400,19400,13.4
Delaware,2020,"June, 2020",295200,253600,41600,14.1
Elk,2020,"June, 2020",15400,12600,2700,17.8
Erie,2020,"June, 2020",125600,107900,17800,14.2
Fayette,2020,"June, 2020",56900,48200,8600,15.2
Forest,2020,"June, 2020",1800,1600,200,13.1
Franklin,2020,"June, 2020",77500,68700,8800,11.4
Fulton,2020,"June, 2020",7600,6200,1400,17.9
Greene,2020,"June, 2020",15800,13700,2200,13.6
Huntingdon,2020,"June, 2020",19600,16900,2800,14.0
Indiana,2020,"June, 2020",37600,33200,4400,11.7
Jefferson,2020,"June, 2020",20100,17800,2300,11.5
Juniata,2020,"June, 2020",12400,11400,1000,8.3
Lackawanna,2020,"June, 2020",104500,90100,14500,13.9
Lancaster,2020,"June, 2020",278600,245800,32800,11.8
Lawrence,2020,"June, 2020",40400,35000,5300,13.2
Lebanon,2020,"June, 2020",71800,63200,8600,11.9
Lehigh,2020,"June, 2020",191800,163500,28300,14.8
Luzerne,2020,"June, 2020",159200,134500,24700,15.5
Lycoming,2020,"June, 2020",56300,49900,6400,11.4
McKean,2020,"June, 2020",17100,14900,2200,12.6
Mercer,2020,"June, 2020",48100,42000,6100,12.7
Mifflin,2020,"June, 2020",21000,18900,2100,10.0
Monroe,2020,"June, 2020",82300,67500,14800,18.0
Montgomery,2020,"June, 2020",444900,392100,52800,11.9
Montour,2020,"June, 2020",9000,8300,700,7.9
Northampton,2020,"June, 2020",158600,136700,21900,13.8
Northumberland,2020,"June, 2020",41900,36700,5200,12.3
Perry,2020,"June, 2020",23500,21300,2200,9.5
Philadelphia,2020,"June, 2020",743900,608400,135400,18.2
Pike,2020,"June, 2020",25000,21000,3900,15.7
Potter,2020,"June, 2020",7100,6300,800,11.5
Schuylkill,2020,"June, 2020",66100,57700,8400,12.6
Snyder,2020,"June, 2020",19300,17500,1800,9.3
Somerset,2020,"June, 2020",32400,28400,4000,12.4
Sullivan,2020,"June, 2020",2600,2300,300,10.6
Susquehanna,2020,"June, 2020",19400,17500,1900,9.9
Tioga,2020,"June, 2020",19000,16600,2300,12.3
Union,2020,"June, 2020",19000,17200,1700,9.1
Venango,2020,"June, 2020",22200,19700,2400,11.0
Warren,2020,"June, 2020",18500,16500,2000,10.6
Washington,2020,"June, 2020",105600,92300,13300,12.6
Wayne,2020,"June, 2020",22300,19500,2900,12.9
Westmoreland,2020,"June, 2020",177100,155900,21200,12.0
Wyoming,2020,"June, 2020",13100,11600,1500,11.5
York,2020,"June, 2020",231500,205700,25800,11.1
Adams,2020,"July, 2020",54300,49200,5100,9.3
Allegheny,2020,"July, 2020",645000,557200,87800,13.6
Armstrong,2020,"July, 2020",31500,27300,4300,13.5
Beaver,2020,"July, 2020",84100,71600,12500,14.8
Bedford,2020,"July, 2020",23300,20300,3000,13.0
Berks,2020,"July, 2020",214100,185500,28600,13.3
Blair,2020,"July, 2020",59400,52300,7200,12.1
Bradford,2020,"July, 2020",28100,25100,2900,10.5
Bucks,2020,"July, 2020",340600,299600,40900,12.0
Butler,2020,"July, 2020",96400,85900,10600,10.9
Cambria,2020,"July, 2020",56600,49300,7300,12.8
Cameron,2020,"July, 2020",2000,1700,300,16.9
Carbon,2020,"July, 2020",31600,27400,4200,13.3
Centre,2020,"July, 2020",76600,70400,6200,8.1
Chester,2020,"July, 2020",277000,250800,26100,9.4
Clarion,2020,"July, 2020",17000,15200,1800,10.5
Clearfield,2020,"July, 2020",36100,31600,4500,12.4
Clinton,2020,"July, 2020",17800,15800,2000,11.2
Columbia,2020,"July, 2020",33600,30000,3500,10.5
Crawford,2020,"July, 2020",38500,33900,4600,12.0
Cumberland,2020,"July, 2020",129800,117400,12400,9.5
Dauphin,2020,"July, 2020",145600,126900,18700,12.8
Delaware,2020,"July, 2020",298700,257700,41000,13.7
Elk,2020,"July, 2020",15400,12800,2600,16.6
Erie,2020,"July, 2020",127900,110400,17500,13.7
Fayette,2020,"July, 2020",57100,47800,9200,16.2
Forest,2020,"July, 2020",1800,1500,300,14.2
Franklin,2020,"July, 2020",77900,69400,8500,10.9
Fulton,2020,"July, 2020",7600,6100,1500,19.7
Greene,2020,"July, 2020",15900,13600,2300,14.4
Huntingdon,2020,"July, 2020",20100,17100,3000,15.1
Indiana,2020,"July, 2020",38100,33300,4800,12.7
Jefferson,2020,"July, 2020",20200,17800,2400,12.0
Juniata,2020,"July, 2020",12400,11400,1100,8.5
Lackawanna,2020,"July, 2020",104500,90800,13700,13.1
Lancaster,2020,"July, 2020",282000,252100,30000,10.6
Lawrence,2020,"July, 2020",40800,35100,5600,13.8
Lebanon,2020,"July, 2020",72300,64200,8100,11.1
Lehigh,2020,"July, 2020",193200,166700,26500,13.7
Luzerne,2020,"July, 2020",159200,135700,23500,14.8
Lycoming,2020,"July, 2020",55700,49200,6500,11.7
McKean,2020,"July, 2020",17100,14900,2200,13.0
Mercer,2020,"July, 2020",48500,42200,6300,12.9
Mifflin,2020,"July, 2020",21300,18900,2400,11.2
Monroe,2020,"July, 2020",82200,69000,13200,16.1
Montgomery,2020,"July, 2020",447900,397800,50100,11.2
Montour,2020,"July, 2020",9000,8300,700,7.9
Northampton,2020,"July, 2020",159800,139300,20500,12.8
Northumberland,2020,"July, 2020",42600,37300,5300,12.3
Perry,2020,"July, 2020",23700,21500,2200,9.2
Philadelphia,2020,"July, 2020",746900,607500,139400,18.7
Pike,2020,"July, 2020",24800,21000,3700,15.0
Potter,2020,"July, 2020",7200,6300,900,12.1
Schuylkill,2020,"July, 2020",66400,58000,8400,12.6
Snyder,2020,"July, 2020",19700,17900,1800,9.1
Somerset,2020,"July, 2020",32700,28600,4100,12.5
Sullivan,2020,"July, 2020",2600,2300,300,12.1
Susquehanna,2020,"July, 2020",19400,17500,1900,9.9
Tioga,2020,"July, 2020",19000,16600,2400,12.5
Union,2020,"July, 2020",19500,17700,1800,9.1
Venango,2020,"July, 2020",22000,19400,2700,12.1
Warren,2020,"July, 2020",18500,16400,2100,11.3
Washington,2020,"July, 2020",105700,91700,14100,13.3
Wayne,2020,"July, 2020",21400,18700,2800,13.0
Westmoreland,2020,"July, 2020",177000,154600,22400,12.6
Wyoming,2020,"July, 2020",13200,11700,1500,11.2
York,2020,"July, 2020",233600,207900,25700,11.0
Adams,2020,"August, 2020",53900,50100,3800,7.0
Allegheny,2020,"August, 2020",628800,564300,64500,10.3
Armstrong,2020,"August, 2020",30900,27700,3200,10.4
Beaver,2020,"August, 2020",81800,72600,9200,11.3
Bedford,2020,"August, 2020",22700,20600,2100,9.2
Berks,2020,"August, 2020",208900,187300,21600,10.4
Blair,2020,"August, 2020",58200,53100,5100,8.7
Bradford,2020,"August, 2020",27500,25300,2200,7.9
Bucks,2020,"August, 2020",333100,303200,29900,9.0
Butler,2020,"August, 2020",94800,87100,7700,8.1
Cambria,2020,"August, 2020",55000,49800,5200,9.5
Cameron,2020,"August, 2020",2000,1800,200,12.1
Carbon,2020,"August, 2020",30800,27700,3100,10.1
Centre,2020,"August, 2020",74800,70500,4400,5.9
Chester,2020,"August, 2020",273800,255100,18700,6.8
Clarion,2020,"August, 2020",16600,15300,1300,7.6
Clearfield,2020,"August, 2020",34700,31400,3300,9.6
Clinton,2020,"August, 2020",17400,15900,1500,8.7
Columbia,2020,"August, 2020",33000,30400,2600,7.9
Crawford,2020,"August, 2020",37700,34200,3400,9.1
Cumberland,2020,"August, 2020",127800,118900,8900,7.0
Dauphin,2020,"August, 2020",142200,128400,13800,9.7
Delaware,2020,"August, 2020",291100,260600,30500,10.5
Elk,2020,"August, 2020",14900,13000,1800,12.3
Erie,2020,"August, 2020",125200,112100,13100,10.5
Fayette,2020,"August, 2020",55500,48500,7000,12.6
Forest,2020,"August, 2020",1800,1600,200,11.0
Franklin,2020,"August, 2020",76000,69800,6200,8.2
Fulton,2020,"August, 2020",7400,6300,1100,14.7
Greene,2020,"August, 2020",15500,13800,1600,10.6
Huntingdon,2020,"August, 2020",19400,17300,2100,10.8
Indiana,2020,"August, 2020",37300,33900,3500,9.3
Jefferson,2020,"August, 2020",19700,17900,1800,9.2
Juniata,2020,"August, 2020",12300,11500,800,6.5
Lackawanna,2020,"August, 2020",101800,91700,10000,9.9
Lancaster,2020,"August, 2020",277600,256200,21400,7.7
Lawrence,2020,"August, 2020",39700,35400,4300,10.9
Lebanon,2020,"August, 2020",70800,64900,5900,8.3
Lehigh,2020,"August, 2020",188500,168600,20000,10.6
Luzerne,2020,"August, 2020",154700,137100,17700,11.4
Lycoming,2020,"August, 2020",54800,49800,5100,9.2
McKean,2020,"August, 2020",16800,15200,1600,9.6
Mercer,2020,"August, 2020",47300,42600,4800,10.1
Mifflin,2020,"August, 2020",20800,19100,1700,8.4
Monroe,2020,"August, 2020",79900,70100,9800,12.3
Montgomery,2020,"August, 2020",439200,402500,36700,8.4
Montour,2020,"August, 2020",9000,8400,500,6.0
Northampton,2020,"August, 2020",155800,140800,14900,9.6
Northumberland,2020,"August, 2020",41600,37500,4100,9.8
Perry,2020,"August, 2020",23400,21800,1600,6.8
Philadelphia,2020,"August, 2020",717900,611900,105900,14.8
Pike,2020,"August, 2020",24100,21400,2700,11.4
Potter,2020,"August, 2020",7000,6400,700,9.4
Schuylkill,2020,"August, 2020",64700,58500,6300,9.7
Snyder,2020,"August, 2020",19200,18000,1300,6.7
Somerset,2020,"August, 2020",32100,28900,3200,9.9
Sullivan,2020,"August, 2020",2600,2300,200,8.4
Susquehanna,2020,"August, 2020",19200,17700,1500,7.7
Tioga,2020,"August, 2020",18500,16700,1800,9.9
Union,2020,"August, 2020",18900,17700,1300,6.6
Venango,2020,"August, 2020",21600,19600,2000,9.3
Warren,2020,"August, 2020",18200,16700,1500,8.4
Washington,2020,"August, 2020",103400,92900,10500,10.2
Wayne,2020,"August, 2020",20500,18500,2100,10.0
Westmoreland,2020,"August, 2020",173000,156600,16300,9.5
Wyoming,2020,"August, 2020",12900,11800,1100,8.4
York,2020,"August, 2020",229300,209400,19900,8.7
Adams,2020,"September, 2020",53600,50800,2700,5.1
Allegheny,2020,"September, 2020",631400,584300,47100,7.5
Armstrong,2020,"September, 2020",31100,28600,2500,8.2
Beaver,2020,"September, 2020",81900,75100,6800,8.2
Bedford,2020,"September, 2020",23400,21600,1800,7.5
Berks,2020,"September, 2020",210100,194100,16000,7.6
Blair,2020,"September, 2020",59200,55500,3800,6.3
Bradford,2020,"September, 2020",27800,26200,1600,5.7
Bucks,2020,"September, 2020",337500,315500,21900,6.5
Butler,2020,"September, 2020",96200,90400,5800,6.0
Cambria,2020,"September, 2020",55900,51900,4100,7.3
Cameron,2020,"September, 2020",2100,1800,200,10.6
Carbon,2020,"September, 2020",31100,28900,2300,7.3
Centre,2020,"September, 2020",73800,70500,3300,4.4
Chester,2020,"September, 2020",280300,266300,14000,5.0
Clarion,2020,"September, 2020",16700,15700,1000,6.0
Clearfield,2020,"September, 2020",35200,32700,2500,7.2
Clinton,2020,"September, 2020",17500,16300,1200,6.9
Columbia,2020,"September, 2020",33000,30900,2100,6.3
Crawford,2020,"September, 2020",37800,35200,2700,7.0
Cumberland,2020,"September, 2020",130600,124100,6600,5.0
Dauphin,2020,"September, 2020",144100,133900,10200,7.1
Delaware,2020,"September, 2020",292300,270100,22200,7.6
Elk,2020,"September, 2020",15000,13600,1400,9.2
Erie,2020,"September, 2020",125600,115800,9900,7.9
Fayette,2020,"September, 2020",55600,50200,5400,9.8
Forest,2020,"September, 2020",1800,1600,100,8.3
Franklin,2020,"September, 2020",76600,72100,4600,6.0
Fulton,2020,"September, 2020",7900,7100,800,10.0
Greene,2020,"September, 2020",15800,14600,1200,7.8
Huntingdon,2020,"September, 2020",19600,17900,1700,8.5
Indiana,2020,"September, 2020",36900,34200,2700,7.2
Jefferson,2020,"September, 2020",19800,18500,1300,6.7
Juniata,2020,"September, 2020",12600,12000,600,5.1
Lackawanna,2020,"September, 2020",102500,94800,7700,7.5
Lancaster,2020,"September, 2020",281600,265800,15900,5.6
Lawrence,2020,"September, 2020",39800,36500,3300,8.4
Lebanon,2020,"September, 2020",71700,67300,4400,6.1
Lehigh,2020,"September, 2020",190000,175700,14300,7.5
Luzerne,2020,"September, 2020",155500,141700,13900,8.9
Lycoming,2020,"September, 2020",55600,51800,3800,6.8
McKean,2020,"September, 2020",16700,15500,1200,7.5
Mercer,2020,"September, 2020",47800,44000,3800,7.9
Mifflin,2020,"September, 2020",21200,19700,1500,7.3
Monroe,2020,"September, 2020",81000,73700,7300,9.0
Montgomery,2020,"September, 2020",445800,419100,26700,6.0
Montour,2020,"September, 2020",9000,8600,400,4.7
Northampton,2020,"September, 2020",157600,146800,10800,6.8
Northumberland,2020,"September, 2020",41700,38700,3100,7.3
Perry,2020,"September, 2020",24100,22800,1200,5.1
Philadelphia,2020,"September, 2020",711400,633600,77800,10.9
Pike,2020,"September, 2020",24500,22500,2000,8.3
Potter,2020,"September, 2020",7200,6600,600,7.7
Schuylkill,2020,"September, 2020",65500,60800,4700,7.2
Snyder,2020,"September, 2020",19300,18300,1000,5.4
Somerset,2020,"September, 2020",32400,29900,2400,7.5
Sullivan,2020,"September, 2020",2600,2400,200,6.7
Susquehanna,2020,"September, 2020",19800,18600,1200,5.8
Tioga,2020,"September, 2020",18600,17200,1400,7.7
Union,2020,"September, 2020",19200,18200,1000,5.0
Venango,2020,"September, 2020",21800,20300,1500,7.1
Warren,2020,"September, 2020",18800,17600,1200,6.5
Washington,2020,"September, 2020",103800,96200,7700,7.4
Wayne,2020,"September, 2020",22100,20600,1600,7.0
Westmoreland,2020,"September, 2020",174300,162200,12100,7.0
Wyoming,2020,"September, 2020",13100,12300,800,6.5
York,2020,"September, 2020",231700,217100,14700,6.3
Adams,2020,"October, 2020",53900,51400,2600,4.8
Allegheny,2020,"October, 2020",626500,583900,42700,6.8
Armstrong,2020,"October, 2020",31000,28700,2300,7.4
Beaver,2020,"October, 2020",81400,75100,6300,7.7
Bedford,2020,"October, 2020",23400,21800,1600,6.9
Berks,2020,"October, 2020",208700,193600,15100,7.2
Blair,2020,"October, 2020",59000,55300,3700,6.3
Bradford,2020,"October, 2020",28200,26700,1600,5.6
Bucks,2020,"October, 2020",334600,314700,19900,5.9
Butler,2020,"October, 2020",95900,90600,5300,5.5
Cambria,2020,"October, 2020",55500,51500,4000,7.3
Cameron,2020,"October, 2020",2000,1900,200,7.7
Carbon,2020,"October, 2020",31000,28900,2100,6.7
Centre,2020,"October, 2020",73800,70500,3300,4.5
Chester,2020,"October, 2020",280800,268100,12700,4.5
Clarion,2020,"October, 2020",16700,15800,1000,5.7
Clearfield,2020,"October, 2020",35000,32600,2400,6.8
Clinton,2020,"October, 2020",17500,16300,1200,6.7
Columbia,2020,"October, 2020",33000,31100,2000,5.9
Crawford,2020,"October, 2020",37800,35300,2500,6.6
Cumberland,2020,"October, 2020",130300,124200,6100,4.7
Dauphin,2020,"October, 2020",143400,133800,9600,6.7
Delaware,2020,"October, 2020",290300,270000,20300,7.0
Elk,2020,"October, 2020",14800,13600,1200,7.9
Erie,2020,"October, 2020",125500,115700,9800,7.8
Fayette,2020,"October, 2020",55200,50200,4900,8.9
Forest,2020,"October, 2020",1800,1700,100,7.6
Franklin,2020,"October, 2020",76800,72300,4400,5.8
Fulton,2020,"October, 2020",8000,7200,800,9.6
Greene,2020,"October, 2020",15700,14500,1200,7.4
Huntingdon,2020,"October, 2020",19700,18000,1600,8.3
Indiana,2020,"October, 2020",36800,34400,2500,6.7
Jefferson,2020,"October, 2020",19700,18500,1300,6.4
Juniata,2020,"October, 2020",12800,12100,600,4.8
Lackawanna,2020,"October, 2020",102400,95100,7300,7.1
Lancaster,2020,"October, 2020",280900,265700,15200,5.4
Lawrence,2020,"October, 2020",39500,36400,3100,7.8
Lebanon,2020,"October, 2020",71300,67200,4000,5.7
Lehigh,2020,"October, 2020",189000,175700,13200,7.0
Luzerne,2020,"October, 2020",154900,142100,12800,8.3
Lycoming,2020,"October, 2020",55400,51600,3800,6.9
McKean,2020,"October, 2020",16600,15500,1100,6.9
Mercer,2020,"October, 2020",47500,43900,3500,7.4
Mifflin,2020,"October, 2020",21100,19800,1300,6.1
Monroe,2020,"October, 2020",79900,73400,6500,8.1
Montgomery,2020,"October, 2020",442400,418000,24400,5.5
Montour,2020,"October, 2020",9000,8600,400,4.6
Northampton,2020,"October, 2020",156800,146800,9900,6.3
Northumberland,2020,"October, 2020",41800,38900,2900,7.0
Perry,2020,"October, 2020",24200,23100,1100,4.7
Philadelphia,2020,"October, 2020",700800,629400,71400,10.2
Pike,2020,"October, 2020",24100,22300,1800,7.7
Potter,2020,"October, 2020",7200,6700,500,6.9
Schuylkill,2020,"October, 2020",65300,60800,4500,6.8
Snyder,2020,"October, 2020",19400,18400,1000,5.1
Somerset,2020,"October, 2020",32200,29900,2300,7.1
Sullivan,2020,"October, 2020",2600,2500,200,6.4
Susquehanna,2020,"October, 2020",19900,18800,1100,5.5
Tioga,2020,"October, 2020",18600,17300,1300,6.9
Union,2020,"October, 2020",19200,18300,900,4.8
Venango,2020,"October, 2020",21800,20300,1500,6.9
Warren,2020,"October, 2020",18900,17700,1200,6.1
Washington,2020,"October, 2020",103400,96200,7200,7.0
Wayne,2020,"October, 2020",22100,20700,1400,6.4
Westmoreland,2020,"October, 2020",173500,162100,11400,6.5
Wyoming,2020,"October, 2020",13100,12400,800,6.0
York,2020,"October, 2020",231700,217900,13700,5.9
Adams,2020,"November, 2020",54300,51700,2500,4.6
Allegheny,2020,"November, 2020",627300,583900,43400,6.9
Armstrong,2020,"November, 2020",31000,28700,2400,7.6
Beaver,2020,"November, 2020",81500,75100,6400,7.8
Bedford,2020,"November, 2020",23200,21800,1400,6.1
Berks,2020,"November, 2020",207400,193000,14400,7.0
Blair,2020,"November, 2020",58900,55300,3700,6.2
Bradford,2020,"November, 2020",28200,26600,1600,5.8
Bucks,2020,"November, 2020",333600,313600,20100,6.0
Butler,2020,"November, 2020",96200,90600,5600,5.8
Cambria,2020,"November, 2020",55300,51300,4000,7.2
Cameron,2020,"November, 2020",2000,1900,200,8.0
Carbon,2020,"November, 2020",31400,29200,2200,7.1
Centre,2020,"November, 2020",73800,70500,3300,4.5
Chester,2020,"November, 2020",279700,266800,12900,4.6
Clarion,2020,"November, 2020",16900,15800,1000,6.2
Clearfield,2020,"November, 2020",35100,32700,2400,6.8
Clinton,2020,"November, 2020",17600,16400,1200,7.0
Columbia,2020,"November, 2020",33200,31200,2000,6.0
Crawford,2020,"November, 2020",38000,35300,2600,6.9
Cumberland,2020,"November, 2020",130800,124500,6300,4.8
Dauphin,2020,"November, 2020",144200,134200,10000,6.9
Delaware,2020,"November, 2020",290600,269800,20800,7.2
Elk,2020,"November, 2020",14800,13600,1200,7.8
Erie,2020,"November, 2020",125500,115800,9700,7.7
Fayette,2020,"November, 2020",55200,50200,5000,9.0
Forest,2020,"November, 2020",1800,1600,100,8.3
Franklin,2020,"November, 2020",76900,72600,4300,5.6
Fulton,2020,"November, 2020",7700,7200,500,6.4
Greene,2020,"November, 2020",15700,14500,1200,7.6
Huntingdon,2020,"November, 2020",19600,18000,1500,7.9
Indiana,2020,"November, 2020",37000,34300,2600,7.1
Jefferson,2020,"November, 2020",19800,18500,1300,6.5
Juniata,2020,"November, 2020",12900,12100,700,5.8
Lackawanna,2020,"November, 2020",102900,95300,7600,7.4
Lancaster,2020,"November, 2020",280300,265900,14400,5.1
Lawrence,2020,"November, 2020",39700,36500,3300,8.3
Lebanon,2020,"November, 2020",71500,67200,4300,6.0
Lehigh,2020,"November, 2020",191000,177200,13800,7.2
Luzerne,2020,"November, 2020",155800,142500,13300,8.5
Lycoming,2020,"November, 2020",55300,51500,3800,6.9
McKean,2020,"November, 2020",16900,15700,1200,7.0
Mercer,2020,"November, 2020",47700,44000,3700,7.8
Mifflin,2020,"November, 2020",21200,19800,1500,6.9
Monroe,2020,"November, 2020",79600,73100,6500,8.2
Montgomery,2020,"November, 2020",441400,416800,24600,5.6
Montour,2020,"November, 2020",9100,8700,400,4.8
Northampton,2020,"November, 2020",158500,148100,10300,6.5
Northumberland,2020,"November, 2020",42100,39100,3000,7.1
Perry,2020,"November, 2020",24300,23100,1200,4.8
Philadelphia,2020,"November, 2020",701100,627600,73600,10.5
Pike,2020,"November, 2020",24000,22100,1900,7.7
Potter,2020,"November, 2020",7200,6700,500,7.3
Schuylkill,2020,"November, 2020",65400,60800,4600,7.1
Snyder,2020,"November, 2020",19500,18500,1000,5.3
Somerset,2020,"November, 2020",32400,30100,2300,7.1
Sullivan,2020,"November, 2020",2600,2500,200,6.2
Susquehanna,2020,"November, 2020",20000,18900,1100,5.5
Tioga,2020,"November, 2020",18700,17400,1300,7.1
Union,2020,"November, 2020",19200,18300,900,4.9
Venango,2020,"November, 2020",22000,20400,1600,7.3
Warren,2020,"November, 2020",18900,17700,1200,6.3
Washington,2020,"November, 2020",103600,96200,7400,7.2
Wayne,2020,"November, 2020",22300,20900,1400,6.5
Westmoreland,2020,"November, 2020",173800,162100,11700,6.8
Wyoming,2020,"November, 2020",13200,12400,800,6.4
York,2020,"November, 2020",231500,218600,13000,5.6
Adams,2020,"December, 2020",54500,52000,2500,4.5
Allegheny,2020,"December, 2020",623800,579000,44800,7.2
Armstrong,2020,"December, 2020",30800,28400,2400,7.7
Beaver,2020,"December, 2020",81300,74500,6800,8.4
Bedford,2020,"December, 2020",23200,21700,1500,6.5
Berks,2020,"December, 2020",206400,192500,13900,6.7
Blair,2020,"December, 2020",58800,55200,3600,6.1
Bradford,2020,"December, 2020",28100,26500,1700,6.0
Bucks,2020,"December, 2020",332000,311900,20100,6.1
Butler,2020,"December, 2020",96000,90000,6100,6.3
Cambria,2020,"December, 2020",55100,51200,3900,7.1
Cameron,2020,"December, 2020",2100,1900,200,8.1
Carbon,2020,"December, 2020",31400,29100,2300,7.4
Centre,2020,"December, 2020",73800,70400,3300,4.5
Chester,2020,"December, 2020",278600,265100,13500,4.8
Clarion,2020,"December, 2020",16900,15800,1100,6.6
Clearfield,2020,"December, 2020",35100,32700,2500,7.0
Clinton,2020,"December, 2020",17600,16300,1200,7.0
Columbia,2020,"December, 2020",33100,31000,2000,6.1
Crawford,2020,"December, 2020",38100,35300,2800,7.4
Cumberland,2020,"December, 2020",130000,123300,6800,5.2
Dauphin,2020,"December, 2020",142900,132700,10100,7.1
Delaware,2020,"December, 2020",289900,269000,20900,7.2
Elk,2020,"December, 2020",14700,13600,1100,7.6
Erie,2020,"December, 2020",125600,116000,9600,7.6
Fayette,2020,"December, 2020",54900,49800,5100,9.4
Forest,2020,"December, 2020",1800,1600,100,8.2
Franklin,2020,"December, 2020",77100,72900,4200,5.5
Fulton,2020,"December, 2020",7700,7200,500,6.5
Greene,2020,"December, 2020",15700,14500,1300,8.0
Huntingdon,2020,"December, 2020",19600,18000,1600,8.0
Indiana,2020,"December, 2020",36900,34200,2700,7.4
Jefferson,2020,"December, 2020",19800,18500,1300,6.8
Juniata,2020,"December, 2020",12700,12000,700,5.7
Lackawanna,2020,"December, 2020",102400,94600,7800,7.6
Lancaster,2020,"December, 2020",280000,266300,13700,4.9
Lawrence,2020,"December, 2020",39700,36300,3400,8.5
Lebanon,2020,"December, 2020",71600,67100,4500,6.3
Lehigh,2020,"December, 2020",190900,176800,14100,7.4
Luzerne,2020,"December, 2020",155200,141400,13800,8.9
Lycoming,2020,"December, 2020",55300,51500,3800,6.9
McKean,2020,"December, 2020",16800,15600,1300,7.6
Mercer,2020,"December, 2020",47600,43700,3900,8.2
Mifflin,2020,"December, 2020",21400,19800,1600,7.3
Monroe,2020,"December, 2020",79300,72900,6500,8.1
Montgomery,2020,"December, 2020",439700,414500,25200,5.7
Montour,2020,"December, 2020",9100,8600,500,5.3
Northampton,2020,"December, 2020",158300,147800,10600,6.7
Northumberland,2020,"December, 2020",42100,39000,3100,7.3
Perry,2020,"December, 2020",24000,22800,1200,4.9
Philadelphia,2020,"December, 2020",697500,623100,74400,10.7
Pike,2020,"December, 2020",23900,22000,1900,7.8
Potter,2020,"December, 2020",7200,6700,500,7.3
Schuylkill,2020,"December, 2020",65500,60700,4800,7.3
Snyder,2020,"December, 2020",19500,18400,1100,5.5
Somerset,2020,"December, 2020",32500,30100,2400,7.2
Sullivan,2020,"December, 2020",2700,2500,200,6.4
Susquehanna,2020,"December, 2020",19800,18700,1100,5.5
Tioga,2020,"December, 2020",18700,17300,1300,7.2
Union,2020,"December, 2020",19200,18200,1000,5.4
Venango,2020,"December, 2020",22000,20300,1700,7.7
Warren,2020,"December, 2020",18900,17600,1300,6.8
Washington,2020,"December, 2020",103200,95400,7800,7.6
Wayne,2020,"December, 2020",22200,20800,1500,6.6
Westmoreland,2020,"December, 2020",173300,160700,12600,7.3
Wyoming,2020,"December, 2020",13100,12300,900,6.7
York,2020,"December, 2020",231300,219000,12300,5.3
